contract_id,supplier_id,scope,valid_from,valid_to,price_terms,min_volume,penalty_clause,force_majeure_flag
CTR0001,SUP0002,RM supply agreement: pet resin,2022-06-01,2024-05-31,"index_linked: quarterly adjustment to published resin/pulp index, +/-5% cap",5000.0,"1% credit per day late beyond 7 days, capped at 12%; buyer liable for 6% of any minimum-volume shortfall",1
CTR0002,SUP0002,RM supply agreement: pet resin,2024-06-01,2026-05-31,"index_linked: quarterly adjustment to published resin/pulp index, +/-5% cap",5000.0,"1.5% credit on PO value per full week of delay beyond 5 days, capped at 10%",1
CTR0003,SUP0003,RM supply agreement: fragrance,2022-04-01,2023-03-31,fixed: firm prices for the term,218000.0,Late delivery: supplier pays expedite freight; minimum-volume shortfall billed at 5% of shortfall value,1
CTR0004,SUP0003,RM supply agreement: fragrance,2023-04-01,2024-03-31,cost_plus: raw-material cost + fixed conversion fee,149000.0,Late delivery: supplier pays expedite freight; minimum-volume shortfall billed at 5% of shortfall value,0
CTR0005,SUP0003,RM supply agreement: fragrance,2024-04-01,2025-03-31,"fixed: firm prices, annual review on volume tiers",185000.0,Late delivery: supplier pays expedite freight; minimum-volume shortfall billed at 5% of shortfall value,0
CTR0006,SUP0003,RM supply agreement: fragrance,2025-04-01,2026-03-31,"fixed: firm prices, annual review on volume tiers",172000.0,Late delivery: supplier pays expedite freight; minimum-volume shortfall billed at 5% of shortfall value,1
CTR0007,SUP0012,RM supply agreement: corrugate,2022-09-01,2023-08-31,cost_plus: raw-material cost + fixed conversion fee,53000.0,"1.5% credit on PO value per full week of delay beyond 5 days, capped at 10%",1
CTR0008,SUP0012,RM supply agreement: corrugate,2023-09-01,2024-08-31,"fixed: firm prices, annual review on volume tiers",59000.0,"1.5% credit on PO value per full week of delay beyond 5 days, capped at 10%",1
CTR0009,SUP0012,RM supply agreement: corrugate,2024-09-01,2025-08-31,fixed: firm prices for the term,52000.0,"1% credit per day late beyond 7 days, capped at 12%; buyer liable for 6% of any minimum-volume shortfall",1
CTR0010,SUP0012,RM supply agreement: corrugate,2025-09-01,2026-08-31,"fixed: firm prices, annual review on volume tiers",63000.0,"1% credit per day late beyond 7 days, capped at 12%; buyer liable for 6% of any minimum-volume shortfall",1
CTR0011,SUP0016,RM supply agreement: colorant,2022-02-01,2023-01-31,"fixed: firm prices, annual review on volume tiers",48000.0,Late delivery: supplier pays expedite freight; minimum-volume shortfall billed at 5% of shortfall value,1
CTR0012,SUP0016,RM supply agreement: colorant,2023-02-01,2024-01-31,fixed: firm prices for the term,52000.0,Late delivery: supplier pays expedite freight; minimum-volume shortfall billed at 5% of shortfall value,1
CTR0013,SUP0016,RM supply agreement: colorant,2024-02-01,2025-01-31,cost_plus: raw-material cost + fixed conversion fee,40000.0,"1.5% credit on PO value per full week of delay beyond 5 days, capped at 10%",1
CTR0014,SUP0016,RM supply agreement: colorant,2025-02-01,2026-01-31,fixed: firm prices for the term,40000.0,"1% credit per day late beyond 7 days, capped at 12%; buyer liable for 6% of any minimum-volume shortfall",1
CTR0015,SUP0017,RM supply agreement: colorant,2022-10-01,2023-09-30,cost_plus: raw-material cost + fixed conversion fee,27000.0,"1% credit per day late beyond 7 days, capped at 12%; buyer liable for 6% of any minimum-volume shortfall",1
CTR0016,SUP0017,RM supply agreement: colorant,2023-10-01,2024-09-30,fixed: firm prices for the term,22000.0,2% credit per week late beyond agreed ETA; shortfall below minimum volume billed at 8%,1
CTR0017,SUP0017,RM supply agreement: colorant,2024-10-01,2025-09-30,"fixed: firm prices, annual review on volume tiers",31000.0,Late delivery: supplier pays expedite freight; minimum-volume shortfall billed at 5% of shortfall value,1
CTR0018,SUP0017,RM supply agreement: colorant,2025-10-01,2026-09-30,"fixed: firm prices, annual review on volume tiers",21000.0,"1% credit per day late beyond 7 days, capped at 12%; buyer liable for 6% of any minimum-volume shortfall",1
CTR0019,SUP0018,RM supply agreement: fragrance,2022-10-01,2023-09-30,"fixed: firm prices, annual review on volume tiers",286000.0,"1% credit per day late beyond 7 days, capped at 12%; buyer liable for 6% of any minimum-volume shortfall",1
CTR0020,SUP0018,RM supply agreement: fragrance,2023-10-01,2024-09-30,fixed: firm prices for the term,252000.0,"1.5% credit on PO value per full week of delay beyond 5 days, capped at 10%",1
CTR0021,SUP0018,RM supply agreement: fragrance,2024-10-01,2025-09-30,"fixed: firm prices, annual review on volume tiers",194000.0,"1% credit per day late beyond 7 days, capped at 12%; buyer liable for 6% of any minimum-volume shortfall",1
CTR0022,SUP0018,RM supply agreement: fragrance,2025-10-01,2026-09-30,"fixed: firm prices, annual review on volume tiers",216000.0,2% credit per week late beyond agreed ETA; shortfall below minimum volume billed at 8%,1
CTR0023,SUP0022,RM supply agreement: pet resin,2022-10-01,2023-09-30,"index_linked: quarterly adjustment to published resin/pulp index, +/-5% cap",5000.0,2% credit per week late beyond agreed ETA; shortfall below minimum volume billed at 8%,1
CTR0024,SUP0022,RM supply agreement: pet resin,2023-10-01,2024-09-30,"index_linked: quarterly adjustment to published resin/pulp index, +/-5% cap",6000.0,"1.5% credit on PO value per full week of delay beyond 5 days, capped at 10%",1
CTR0025,SUP0022,RM supply agreement: pet resin,2024-10-01,2025-09-30,"index_linked: quarterly adjustment to published resin/pulp index, +/-5% cap",7000.0,"1% credit per day late beyond 7 days, capped at 12%; buyer liable for 6% of any minimum-volume shortfall",1
CTR0026,SUP0022,RM supply agreement: pet resin,2025-10-01,2026-09-30,"index_linked: quarterly adjustment to published resin/pulp index, +/-5% cap",6000.0,2% credit per week late beyond agreed ETA; shortfall below minimum volume billed at 8%,1
CTR0027,SUP0026,RM supply agreement: elastomer,2022-06-01,2024-05-31,fixed: firm prices for the term,5000.0,"1% credit per day late beyond 7 days, capped at 12%; buyer liable for 6% of any minimum-volume shortfall",1
CTR0028,SUP0026,RM supply agreement: elastomer,2024-06-01,2026-05-31,"fixed: firm prices, annual review on volume tiers",5000.0,Late delivery: supplier pays expedite freight; minimum-volume shortfall billed at 5% of shortfall value,1
CTR0029,SUP0029,RM supply agreement: pulp,2022-04-01,2023-03-31,"index_linked: quarterly adjustment to published resin/pulp index, +/-5% cap",24000.0,"1.5% credit on PO value per full week of delay beyond 5 days, capped at 10%",1
CTR0030,SUP0029,RM supply agreement: pulp,2023-04-01,2024-03-31,"index_linked: quarterly adjustment to published resin/pulp index, +/-5% cap",22000.0,"1.5% credit on PO value per full week of delay beyond 5 days, capped at 10%",1
CTR0031,SUP0029,RM supply agreement: pulp,2024-04-01,2025-03-31,"index_linked: quarterly adjustment to published resin/pulp index, +/-5% cap",23000.0,"1% credit per day late beyond 7 days, capped at 12%; buyer liable for 6% of any minimum-volume shortfall",0
CTR0032,SUP0029,RM supply agreement: pulp,2025-04-01,2026-03-31,"index_linked: quarterly adjustment to published resin/pulp index, +/-5% cap",26000.0,2% credit per week late beyond agreed ETA; shortfall below minimum volume billed at 8%,1
CTR0033,SUP0032,"RM supply agreement: corrugate, hdpe resin",2022-02-01,2024-01-31,"index_linked: quarterly adjustment to published resin/pulp index, +/-5% cap",80000.0,Late delivery: supplier pays expedite freight; minimum-volume shortfall billed at 5% of shortfall value,1
CTR0034,SUP0032,"RM supply agreement: corrugate, hdpe resin",2024-02-01,2026-01-31,"index_linked: quarterly adjustment to published resin/pulp index, +/-5% cap",74000.0,Late delivery: supplier pays expedite freight; minimum-volume shortfall billed at 5% of shortfall value,1
CTR0035,SUP0034,RM supply agreement: nonwoven,2022-03-01,2023-02-28,cost_plus: raw-material cost + fixed conversion fee,11000.0,"1.5% credit on PO value per full week of delay beyond 5 days, capped at 10%",1
CTR0036,SUP0034,RM supply agreement: nonwoven,2023-03-01,2024-02-29,fixed: firm prices for the term,11000.0,2% credit per week late beyond agreed ETA; shortfall below minimum volume billed at 8%,0
CTR0037,SUP0034,RM supply agreement: nonwoven,2024-03-01,2025-02-28,"fixed: firm prices, annual review on volume tiers",10000.0,"1.5% credit on PO value per full week of delay beyond 5 days, capped at 10%",0
CTR0038,SUP0034,RM supply agreement: nonwoven,2025-03-01,2026-02-28,cost_plus: raw-material cost + fixed conversion fee,8000.0,2% credit per week late beyond agreed ETA; shortfall below minimum volume billed at 8%,0
CTR0039,SUP0038,RM supply agreement: fragrance,2022-03-01,2023-02-28,"fixed: firm prices, annual review on volume tiers",230000.0,"1.5% credit on PO value per full week of delay beyond 5 days, capped at 10%",0
CTR0040,SUP0038,RM supply agreement: fragrance,2023-03-01,2024-02-29,cost_plus: raw-material cost + fixed conversion fee,230000.0,Late delivery: supplier pays expedite freight; minimum-volume shortfall billed at 5% of shortfall value,1
CTR0041,SUP0038,RM supply agreement: fragrance,2024-03-01,2025-02-28,cost_plus: raw-material cost + fixed conversion fee,237000.0,"1.5% credit on PO value per full week of delay beyond 5 days, capped at 10%",1
CTR0042,SUP0038,RM supply agreement: fragrance,2025-03-01,2026-02-28,cost_plus: raw-material cost + fixed conversion fee,176000.0,2% credit per week late beyond agreed ETA; shortfall below minimum volume billed at 8%,1
CTR0043,SUP0039,RM supply agreement: sap,2022-05-01,2023-04-30,"index_linked: quarterly adjustment to published resin/pulp index, +/-5% cap",23000.0,"1% credit per day late beyond 7 days, capped at 12%; buyer liable for 6% of any minimum-volume shortfall",0
CTR0044,SUP0039,RM supply agreement: sap,2023-05-01,2024-04-30,"index_linked: quarterly adjustment to published resin/pulp index, +/-5% cap",19000.0,Late delivery: supplier pays expedite freight; minimum-volume shortfall billed at 5% of shortfall value,0
CTR0045,SUP0039,RM supply agreement: sap,2024-05-01,2025-04-30,"index_linked: quarterly adjustment to published resin/pulp index, +/-5% cap",21000.0,"1% credit per day late beyond 7 days, capped at 12%; buyer liable for 6% of any minimum-volume shortfall",1
CTR0046,SUP0039,RM supply agreement: sap,2025-05-01,2026-04-30,"index_linked: quarterly adjustment to published resin/pulp index, +/-5% cap",24000.0,Late delivery: supplier pays expedite freight; minimum-volume shortfall billed at 5% of shortfall value,0
CTR0047,SUP0042,RM supply agreement: label stock,2022-11-01,2023-10-31,cost_plus: raw-material cost + fixed conversion fee,7000.0,2% credit per week late beyond agreed ETA; shortfall below minimum volume billed at 8%,1
CTR0048,SUP0042,RM supply agreement: label stock,2023-11-01,2024-10-31,"fixed: firm prices, annual review on volume tiers",6000.0,"1% credit per day late beyond 7 days, capped at 12%; buyer liable for 6% of any minimum-volume shortfall",1
CTR0049,SUP0042,RM supply agreement: label stock,2024-11-01,2025-10-31,cost_plus: raw-material cost + fixed conversion fee,7000.0,"1.5% credit on PO value per full week of delay beyond 5 days, capped at 10%",0
CTR0050,SUP0042,RM supply agreement: label stock,2025-11-01,2026-10-31,"fixed: firm prices, annual review on volume tiers",5000.0,"1.5% credit on PO value per full week of delay beyond 5 days, capped at 10%",1
CTR0051,SUP0046,RM supply agreement: elastomer,2021-01-01,2022-12-31,fixed: firm prices for the term,6000.0,"1% credit per day late beyond 7 days, capped at 12%; buyer liable for 6% of any minimum-volume shortfall",1
CTR0052,SUP0046,RM supply agreement: elastomer,2023-01-01,2024-12-31,fixed: firm prices for the term,8000.0,"1% credit per day late beyond 7 days, capped at 12%; buyer liable for 6% of any minimum-volume shortfall",1
CTR0053,SUP0046,RM supply agreement: elastomer,2025-01-01,2026-12-31,cost_plus: raw-material cost + fixed conversion fee,7000.0,2% credit per week late beyond agreed ETA; shortfall below minimum volume billed at 8%,1
CTR0054,SUP0047,RM supply agreement: packaging film,2022-07-01,2024-06-30,"fixed: firm prices, annual review on volume tiers",16000.0,"1% credit per day late beyond 7 days, capped at 12%; buyer liable for 6% of any minimum-volume shortfall",1
CTR0055,SUP0047,RM supply agreement: packaging film,2024-07-01,2026-06-30,fixed: firm prices for the term,25000.0,"1.5% credit on PO value per full week of delay beyond 5 days, capped at 10%",1
CTR0056,SUP0053,"RM supply agreement: active, fragrance",2022-06-01,2023-05-31,cost_plus: raw-material cost + fixed conversion fee,116000.0,Late delivery: supplier pays expedite freight; minimum-volume shortfall billed at 5% of shortfall value,1
CTR0057,SUP0053,"RM supply agreement: active, fragrance",2023-06-01,2024-05-31,cost_plus: raw-material cost + fixed conversion fee,131000.0,Late delivery: supplier pays expedite freight; minimum-volume shortfall billed at 5% of shortfall value,1
CTR0058,SUP0053,"RM supply agreement: active, fragrance",2024-06-01,2025-05-31,"fixed: firm prices, annual review on volume tiers",105000.0,2% credit per week late beyond agreed ETA; shortfall below minimum volume billed at 8%,1
CTR0059,SUP0053,"RM supply agreement: active, fragrance",2025-06-01,2026-05-31,cost_plus: raw-material cost + fixed conversion fee,115000.0,2% credit per week late beyond agreed ETA; shortfall below minimum volume billed at 8%,1
CTR0060,SUP0054,RM supply agreement: nonwoven,2022-07-01,2024-06-30,"fixed: firm prices, annual review on volume tiers",5000.0,Late delivery: supplier pays expedite freight; minimum-volume shortfall billed at 5% of shortfall value,0
CTR0061,SUP0054,RM supply agreement: nonwoven,2024-07-01,2026-06-30,"fixed: firm prices, annual review on volume tiers",5000.0,2% credit per week late beyond agreed ETA; shortfall below minimum volume billed at 8%,1
CTR0062,SUP0061,RM supply agreement: colorant,2022-03-01,2023-02-28,fixed: firm prices for the term,25000.0,"1% credit per day late beyond 7 days, capped at 12%; buyer liable for 6% of any minimum-volume shortfall",1
CTR0063,SUP0061,RM supply agreement: colorant,2023-03-01,2024-02-29,fixed: firm prices for the term,29000.0,Late delivery: supplier pays expedite freight; minimum-volume shortfall billed at 5% of shortfall value,0
CTR0064,SUP0061,RM supply agreement: colorant,2024-03-01,2025-02-28,"fixed: firm prices, annual review on volume tiers",29000.0,2% credit per week late beyond agreed ETA; shortfall below minimum volume billed at 8%,1
CTR0065,SUP0061,RM supply agreement: colorant,2025-03-01,2026-02-28,"fixed: firm prices, annual review on volume tiers",25000.0,"1% credit per day late beyond 7 days, capped at 12%; buyer liable for 6% of any minimum-volume shortfall",1
CTR0066,SUP0062,RM supply agreement: ink,2021-04-01,2023-03-31,fixed: firm prices for the term,5000.0,2% credit per week late beyond agreed ETA; shortfall below minimum volume billed at 8%,1
CTR0067,SUP0062,RM supply agreement: ink,2023-04-01,2025-03-31,"fixed: firm prices, annual review on volume tiers",5000.0,"1% credit per day late beyond 7 days, capped at 12%; buyer liable for 6% of any minimum-volume shortfall",1
CTR0068,SUP0062,RM supply agreement: ink,2025-04-01,2027-03-31,fixed: firm prices for the term,5000.0,"1% credit per day late beyond 7 days, capped at 12%; buyer liable for 6% of any minimum-volume shortfall",1
CTR0069,SUP0063,RM supply agreement: fragrance,2022-02-01,2023-01-31,"fixed: firm prices, annual review on volume tiers",15000.0,2% credit per week late beyond agreed ETA; shortfall below minimum volume billed at 8%,0
CTR0070,SUP0063,RM supply agreement: fragrance,2023-02-01,2024-01-31,cost_plus: raw-material cost + fixed conversion fee,13000.0,"1% credit per day late beyond 7 days, capped at 12%; buyer liable for 6% of any minimum-volume shortfall",0
CTR0071,SUP0063,RM supply agreement: fragrance,2024-02-01,2025-01-31,cost_plus: raw-material cost + fixed conversion fee,15000.0,"1.5% credit on PO value per full week of delay beyond 5 days, capped at 10%",1
CTR0072,SUP0063,RM supply agreement: fragrance,2025-02-01,2026-01-31,"fixed: firm prices, annual review on volume tiers",13000.0,Late delivery: supplier pays expedite freight; minimum-volume shortfall billed at 5% of shortfall value,1
CTR0073,SUP0067,RM supply agreement: pet resin,2022-02-01,2024-01-31,"index_linked: quarterly adjustment to published resin/pulp index, +/-5% cap",17000.0,2% credit per week late beyond agreed ETA; shortfall below minimum volume billed at 8%,1
CTR0074,SUP0067,RM supply agreement: pet resin,2024-02-01,2026-01-31,"index_linked: quarterly adjustment to published resin/pulp index, +/-5% cap",16000.0,"1% credit per day late beyond 7 days, capped at 12%; buyer liable for 6% of any minimum-volume shortfall",1
CTR0075,SUP0068,RM supply agreement: active,2022-02-01,2023-01-31,"fixed: firm prices, annual review on volume tiers",80000.0,"1.5% credit on PO value per full week of delay beyond 5 days, capped at 10%",1
CTR0076,SUP0068,RM supply agreement: active,2023-02-01,2024-01-31,"fixed: firm prices, annual review on volume tiers",78000.0,"1.5% credit on PO value per full week of delay beyond 5 days, capped at 10%",0
CTR0077,SUP0068,RM supply agreement: active,2024-02-01,2025-01-31,"fixed: firm prices, annual review on volume tiers",64000.0,Late delivery: supplier pays expedite freight; minimum-volume shortfall billed at 5% of shortfall value,1
CTR0078,SUP0068,RM supply agreement: active,2025-02-01,2026-01-31,cost_plus: raw-material cost + fixed conversion fee,86000.0,2% credit per week late beyond agreed ETA; shortfall below minimum volume billed at 8%,0
CTR0079,SUP0072,RM supply agreement: hot melt adhesive,2021-10-01,2023-09-30,cost_plus: raw-material cost + fixed conversion fee,35000.0,Late delivery: supplier pays expedite freight; minimum-volume shortfall billed at 5% of shortfall value,0
CTR0080,SUP0072,RM supply agreement: hot melt adhesive,2023-10-01,2025-09-30,cost_plus: raw-material cost + fixed conversion fee,36000.0,Late delivery: supplier pays expedite freight; minimum-volume shortfall billed at 5% of shortfall value,0
CTR0081,SUP0072,RM supply agreement: hot melt adhesive,2025-10-01,2027-09-30,fixed: firm prices for the term,41000.0,Late delivery: supplier pays expedite freight; minimum-volume shortfall billed at 5% of shortfall value,1
CTR0082,SUP0087,RM supply agreement: hdpe resin,2022-07-01,2023-06-30,"index_linked: quarterly adjustment to published resin/pulp index, +/-5% cap",16000.0,Late delivery: supplier pays expedite freight; minimum-volume shortfall billed at 5% of shortfall value,0
CTR0083,SUP0087,RM supply agreement: hdpe resin,2023-07-01,2024-06-30,"index_linked: quarterly adjustment to published resin/pulp index, +/-5% cap",15000.0,2% credit per week late beyond agreed ETA; shortfall below minimum volume billed at 8%,1
CTR0084,SUP0087,RM supply agreement: hdpe resin,2024-07-01,2025-06-30,"index_linked: quarterly adjustment to published resin/pulp index, +/-5% cap",12000.0,"1.5% credit on PO value per full week of delay beyond 5 days, capped at 10%",1
CTR0085,SUP0087,RM supply agreement: hdpe resin,2025-07-01,2026-06-30,"index_linked: quarterly adjustment to published resin/pulp index, +/-5% cap",11000.0,"1.5% credit on PO value per full week of delay beyond 5 days, capped at 10%",1
CTR0086,SUP0088,RM supply agreement: solvent,2022-08-01,2023-07-31,fixed: firm prices for the term,32000.0,Late delivery: supplier pays expedite freight; minimum-volume shortfall billed at 5% of shortfall value,1
CTR0087,SUP0088,RM supply agreement: solvent,2023-08-01,2024-07-31,cost_plus: raw-material cost + fixed conversion fee,26000.0,Late delivery: supplier pays expedite freight; minimum-volume shortfall billed at 5% of shortfall value,0
CTR0088,SUP0088,RM supply agreement: solvent,2024-08-01,2025-07-31,"fixed: firm prices, annual review on volume tiers",31000.0,"1.5% credit on PO value per full week of delay beyond 5 days, capped at 10%",1
CTR0089,SUP0088,RM supply agreement: solvent,2025-08-01,2026-07-31,fixed: firm prices for the term,22000.0,"1.5% credit on PO value per full week of delay beyond 5 days, capped at 10%",0
CTR0090,SUP0089,RM supply agreement: sap,2021-02-01,2023-01-31,"index_linked: quarterly adjustment to published resin/pulp index, +/-5% cap",20000.0,"1.5% credit on PO value per full week of delay beyond 5 days, capped at 10%",0
CTR0091,SUP0089,RM supply agreement: sap,2023-02-01,2025-01-31,"index_linked: quarterly adjustment to published resin/pulp index, +/-5% cap",21000.0,2% credit per week late beyond agreed ETA; shortfall below minimum volume billed at 8%,1
CTR0092,SUP0089,RM supply agreement: sap,2025-02-01,2027-01-31,"index_linked: quarterly adjustment to published resin/pulp index, +/-5% cap",26000.0,Late delivery: supplier pays expedite freight; minimum-volume shortfall billed at 5% of shortfall value,1
CTR0093,SUP0091,"RM supply agreement: elastomer, steel strip",2022-05-01,2023-04-30,cost_plus: raw-material cost + fixed conversion fee,13000.0,Late delivery: supplier pays expedite freight; minimum-volume shortfall billed at 5% of shortfall value,1
CTR0094,SUP0091,"RM supply agreement: elastomer, steel strip",2023-05-01,2024-04-30,fixed: firm prices for the term,14000.0,2% credit per week late beyond agreed ETA; shortfall below minimum volume billed at 8%,1
CTR0095,SUP0091,"RM supply agreement: elastomer, steel strip",2024-05-01,2025-04-30,fixed: firm prices for the term,15000.0,2% credit per week late beyond agreed ETA; shortfall below minimum volume billed at 8%,0
CTR0096,SUP0091,"RM supply agreement: elastomer, steel strip",2025-05-01,2026-04-30,cost_plus: raw-material cost + fixed conversion fee,14000.0,"1.5% credit on PO value per full week of delay beyond 5 days, capped at 10%",0
CTR0097,SUP0092,RM supply agreement: pp resin,2022-06-01,2024-05-31,"index_linked: quarterly adjustment to published resin/pulp index, +/-5% cap",17000.0,Late delivery: supplier pays expedite freight; minimum-volume shortfall billed at 5% of shortfall value,1
CTR0098,SUP0092,RM supply agreement: pp resin,2024-06-01,2026-05-31,"index_linked: quarterly adjustment to published resin/pulp index, +/-5% cap",15000.0,2% credit per week late beyond agreed ETA; shortfall below minimum volume billed at 8%,1
CTR0099,SUP0097,RM supply agreement: hot melt adhesive,2022-02-01,2023-01-31,"fixed: firm prices, annual review on volume tiers",41000.0,Late delivery: supplier pays expedite freight; minimum-volume shortfall billed at 5% of shortfall value,0
CTR0100,SUP0097,RM supply agreement: hot melt adhesive,2023-02-01,2024-01-31,"fixed: firm prices, annual review on volume tiers",53000.0,"1.5% credit on PO value per full week of delay beyond 5 days, capped at 10%",1
CTR0101,SUP0097,RM supply agreement: hot melt adhesive,2024-02-01,2025-01-31,fixed: firm prices for the term,60000.0,"1% credit per day late beyond 7 days, capped at 12%; buyer liable for 6% of any minimum-volume shortfall",1
CTR0102,SUP0097,RM supply agreement: hot melt adhesive,2025-02-01,2026-01-31,fixed: firm prices for the term,38000.0,"1% credit per day late beyond 7 days, capped at 12%; buyer liable for 6% of any minimum-volume shortfall",0
CTR0103,SUP0099,RM supply agreement: nonwoven,2021-01-01,2022-12-31,fixed: firm prices for the term,73000.0,2% credit per week late beyond agreed ETA; shortfall below minimum volume billed at 8%,1
CTR0104,SUP0099,RM supply agreement: nonwoven,2023-01-01,2024-12-31,fixed: firm prices for the term,65000.0,Late delivery: supplier pays expedite freight; minimum-volume shortfall billed at 5% of shortfall value,1
CTR0105,SUP0099,RM supply agreement: nonwoven,2025-01-01,2026-12-31,"fixed: firm prices, annual review on volume tiers",48000.0,"1.5% credit on PO value per full week of delay beyond 5 days, capped at 10%",1
CTR0106,SUP0101,RM supply agreement: colorant,2022-04-01,2023-03-31,cost_plus: raw-material cost + fixed conversion fee,7000.0,"1.5% credit on PO value per full week of delay beyond 5 days, capped at 10%",1
CTR0107,SUP0101,RM supply agreement: colorant,2023-04-01,2024-03-31,cost_plus: raw-material cost + fixed conversion fee,6000.0,Late delivery: supplier pays expedite freight; minimum-volume shortfall billed at 5% of shortfall value,1
CTR0108,SUP0101,RM supply agreement: colorant,2024-04-01,2025-03-31,cost_plus: raw-material cost + fixed conversion fee,6000.0,"1.5% credit on PO value per full week of delay beyond 5 days, capped at 10%",0
CTR0109,SUP0101,RM supply agreement: colorant,2025-04-01,2026-03-31,cost_plus: raw-material cost + fixed conversion fee,7000.0,2% credit per week late beyond agreed ETA; shortfall below minimum volume billed at 8%,1
CTR0110,SUP0102,RM supply agreement: hot melt adhesive,2022-09-01,2023-08-31,"fixed: firm prices, annual review on volume tiers",21000.0,Late delivery: supplier pays expedite freight; minimum-volume shortfall billed at 5% of shortfall value,1
CTR0111,SUP0102,RM supply agreement: hot melt adhesive,2023-09-01,2024-08-31,fixed: firm prices for the term,19000.0,"1.5% credit on PO value per full week of delay beyond 5 days, capped at 10%",1
CTR0112,SUP0102,RM supply agreement: hot melt adhesive,2024-09-01,2025-08-31,cost_plus: raw-material cost + fixed conversion fee,23000.0,"1% credit per day late beyond 7 days, capped at 12%; buyer liable for 6% of any minimum-volume shortfall",1
CTR0113,SUP0102,RM supply agreement: hot melt adhesive,2025-09-01,2026-08-31,cost_plus: raw-material cost + fixed conversion fee,20000.0,"1% credit per day late beyond 7 days, capped at 12%; buyer liable for 6% of any minimum-volume shortfall",1
CTR0114,SUP0104,RM supply agreement: surfactant,2022-08-01,2023-07-31,"fixed: firm prices, annual review on volume tiers",476000.0,"1% credit per day late beyond 7 days, capped at 12%; buyer liable for 6% of any minimum-volume shortfall",1
CTR0115,SUP0104,RM supply agreement: surfactant,2023-08-01,2024-07-31,fixed: firm prices for the term,361000.0,Late delivery: supplier pays expedite freight; minimum-volume shortfall billed at 5% of shortfall value,1
CTR0116,SUP0104,RM supply agreement: surfactant,2024-08-01,2025-07-31,"fixed: firm prices, annual review on volume tiers",378000.0,"1% credit per day late beyond 7 days, capped at 12%; buyer liable for 6% of any minimum-volume shortfall",1
CTR0117,SUP0104,RM supply agreement: surfactant,2025-08-01,2026-07-31,"fixed: firm prices, annual review on volume tiers",319000.0,2% credit per week late beyond agreed ETA; shortfall below minimum volume billed at 8%,1
CTR0118,SUP0107,RM supply agreement: pp resin,2022-07-01,2024-06-30,"index_linked: quarterly adjustment to published resin/pulp index, +/-5% cap",31000.0,2% credit per week late beyond agreed ETA; shortfall below minimum volume billed at 8%,1
CTR0119,SUP0107,RM supply agreement: pp resin,2024-07-01,2026-06-30,"index_linked: quarterly adjustment to published resin/pulp index, +/-5% cap",30000.0,"1% credit per day late beyond 7 days, capped at 12%; buyer liable for 6% of any minimum-volume shortfall",1
CTR0120,SUP0109,RM supply agreement: elastic,2021-02-01,2023-01-31,"fixed: firm prices, annual review on volume tiers",5000.0,Late delivery: supplier pays expedite freight; minimum-volume shortfall billed at 5% of shortfall value,1
CTR0121,SUP0109,RM supply agreement: elastic,2023-02-01,2025-01-31,cost_plus: raw-material cost + fixed conversion fee,5000.0,"1% credit per day late beyond 7 days, capped at 12%; buyer liable for 6% of any minimum-volume shortfall",0
CTR0122,SUP0109,RM supply agreement: elastic,2025-02-01,2027-01-31,fixed: firm prices for the term,5000.0,"1.5% credit on PO value per full week of delay beyond 5 days, capped at 10%",1
CTR0123,SUP0111,"RM supply agreement: colorant, steel strip",2022-06-01,2024-05-31,fixed: firm prices for the term,36000.0,"1% credit per day late beyond 7 days, capped at 12%; buyer liable for 6% of any minimum-volume shortfall",0
CTR0124,SUP0111,"RM supply agreement: colorant, steel strip",2024-06-01,2026-05-31,fixed: firm prices for the term,33000.0,Late delivery: supplier pays expedite freight; minimum-volume shortfall billed at 5% of shortfall value,0
CTR0125,SUP0116,RM supply agreement: elastomer,2021-09-01,2023-08-31,cost_plus: raw-material cost + fixed conversion fee,7000.0,"1% credit per day late beyond 7 days, capped at 12%; buyer liable for 6% of any minimum-volume shortfall",1
CTR0126,SUP0116,RM supply agreement: elastomer,2023-09-01,2025-08-31,cost_plus: raw-material cost + fixed conversion fee,8000.0,"1% credit per day late beyond 7 days, capped at 12%; buyer liable for 6% of any minimum-volume shortfall",1
CTR0127,SUP0116,RM supply agreement: elastomer,2025-09-01,2027-08-31,"fixed: firm prices, annual review on volume tiers",6000.0,2% credit per week late beyond agreed ETA; shortfall below minimum volume billed at 8%,0
CTR0128,SUP0128,RM supply agreement: active,2022-04-01,2023-03-31,cost_plus: raw-material cost + fixed conversion fee,33000.0,"1.5% credit on PO value per full week of delay beyond 5 days, capped at 10%",0
CTR0129,SUP0128,RM supply agreement: active,2023-04-01,2024-03-31,"fixed: firm prices, annual review on volume tiers",30000.0,Late delivery: supplier pays expedite freight; minimum-volume shortfall billed at 5% of shortfall value,1
CTR0130,SUP0128,RM supply agreement: active,2024-04-01,2025-03-31,cost_plus: raw-material cost + fixed conversion fee,29000.0,Late delivery: supplier pays expedite freight; minimum-volume shortfall billed at 5% of shortfall value,1
CTR0131,SUP0128,RM supply agreement: active,2025-04-01,2026-03-31,"fixed: firm prices, annual review on volume tiers",40000.0,"1% credit per day late beyond 7 days, capped at 12%; buyer liable for 6% of any minimum-volume shortfall",1
CTR0132,SUP0129,RM supply agreement: sap,2022-10-01,2023-09-30,"index_linked: quarterly adjustment to published resin/pulp index, +/-5% cap",6000.0,"1.5% credit on PO value per full week of delay beyond 5 days, capped at 10%",1
CTR0133,SUP0129,RM supply agreement: sap,2023-10-01,2024-09-30,"index_linked: quarterly adjustment to published resin/pulp index, +/-5% cap",9000.0,Late delivery: supplier pays expedite freight; minimum-volume shortfall billed at 5% of shortfall value,0
CTR0134,SUP0129,RM supply agreement: sap,2024-10-01,2025-09-30,"index_linked: quarterly adjustment to published resin/pulp index, +/-5% cap",8000.0,2% credit per week late beyond agreed ETA; shortfall below minimum volume billed at 8%,0
CTR0135,SUP0129,RM supply agreement: sap,2025-10-01,2026-09-30,"index_linked: quarterly adjustment to published resin/pulp index, +/-5% cap",8000.0,"1.5% credit on PO value per full week of delay beyond 5 days, capped at 10%",1
CTR0136,SUP0134,RM supply agreement: nonwoven,2022-01-01,2023-12-31,"fixed: firm prices, annual review on volume tiers",24000.0,Late delivery: supplier pays expedite freight; minimum-volume shortfall billed at 5% of shortfall value,1
CTR0137,SUP0134,RM supply agreement: nonwoven,2024-01-01,2025-12-31,cost_plus: raw-material cost + fixed conversion fee,24000.0,Late delivery: supplier pays expedite freight; minimum-volume shortfall billed at 5% of shortfall value,1
CTR0138,SUP0139,RM supply agreement: sap,2022-09-01,2024-08-31,"index_linked: quarterly adjustment to published resin/pulp index, +/-5% cap",16000.0,"1% credit per day late beyond 7 days, capped at 12%; buyer liable for 6% of any minimum-volume shortfall",1
CTR0139,SUP0139,RM supply agreement: sap,2024-09-01,2026-08-31,"index_linked: quarterly adjustment to published resin/pulp index, +/-5% cap",13000.0,"1% credit per day late beyond 7 days, capped at 12%; buyer liable for 6% of any minimum-volume shortfall",1
CTR0140,SUP0141,RM supply agreement: colorant,2022-01-01,2023-12-31,fixed: firm prices for the term,42000.0,Late delivery: supplier pays expedite freight; minimum-volume shortfall billed at 5% of shortfall value,0
CTR0141,SUP0141,RM supply agreement: colorant,2024-01-01,2025-12-31,fixed: firm prices for the term,31000.0,"1% credit per day late beyond 7 days, capped at 12%; buyer liable for 6% of any minimum-volume shortfall",1
CTR0142,SUP0142,"RM supply agreement: colorant, ink",2021-05-01,2023-04-30,"fixed: firm prices, annual review on volume tiers",110000.0,"1.5% credit on PO value per full week of delay beyond 5 days, capped at 10%",0
CTR0143,SUP0142,"RM supply agreement: colorant, ink",2023-05-01,2025-04-30,"fixed: firm prices, annual review on volume tiers",125000.0,"1.5% credit on PO value per full week of delay beyond 5 days, capped at 10%",1
CTR0144,SUP0142,"RM supply agreement: colorant, ink",2025-05-01,2027-04-30,"fixed: firm prices, annual review on volume tiers",92000.0,"1.5% credit on PO value per full week of delay beyond 5 days, capped at 10%",1
CTR0145,SUP0143,RM supply agreement: fragrance,2022-10-01,2023-09-30,fixed: firm prices for the term,288000.0,Late delivery: supplier pays expedite freight; minimum-volume shortfall billed at 5% of shortfall value,0
CTR0146,SUP0143,RM supply agreement: fragrance,2023-10-01,2024-09-30,cost_plus: raw-material cost + fixed conversion fee,219000.0,"1.5% credit on PO value per full week of delay beyond 5 days, capped at 10%",1
CTR0147,SUP0143,RM supply agreement: fragrance,2024-10-01,2025-09-30,fixed: firm prices for the term,269000.0,"1% credit per day late beyond 7 days, capped at 12%; buyer liable for 6% of any minimum-volume shortfall",1
CTR0148,SUP0143,RM supply agreement: fragrance,2025-10-01,2026-09-30,fixed: firm prices for the term,268000.0,2% credit per week late beyond agreed ETA; shortfall below minimum volume billed at 8%,1
CTR0149,SUP0146,RM supply agreement: colorant,2022-02-01,2024-01-31,fixed: firm prices for the term,78000.0,"1% credit per day late beyond 7 days, capped at 12%; buyer liable for 6% of any minimum-volume shortfall",1
CTR0150,SUP0146,RM supply agreement: colorant,2024-02-01,2026-01-31,cost_plus: raw-material cost + fixed conversion fee,66000.0,Late delivery: supplier pays expedite freight; minimum-volume shortfall billed at 5% of shortfall value,1
CTR0151,SUP0149,RM supply agreement: nonwoven,2021-03-01,2023-02-28,"fixed: firm prices, annual review on volume tiers",10000.0,"1% credit per day late beyond 7 days, capped at 12%; buyer liable for 6% of any minimum-volume shortfall",0
CTR0152,SUP0149,RM supply agreement: nonwoven,2023-03-01,2025-02-28,fixed: firm prices for the term,10000.0,2% credit per week late beyond agreed ETA; shortfall below minimum volume billed at 8%,1
CTR0153,SUP0149,RM supply agreement: nonwoven,2025-03-01,2027-02-28,"fixed: firm prices, annual review on volume tiers",11000.0,"1% credit per day late beyond 7 days, capped at 12%; buyer liable for 6% of any minimum-volume shortfall",0
CTR0154,SUP0153,RM supply agreement: active,2022-05-01,2023-04-30,fixed: firm prices for the term,7000.0,Late delivery: supplier pays expedite freight; minimum-volume shortfall billed at 5% of shortfall value,0
CTR0155,SUP0153,RM supply agreement: active,2023-05-01,2024-04-30,cost_plus: raw-material cost + fixed conversion fee,9000.0,"1% credit per day late beyond 7 days, capped at 12%; buyer liable for 6% of any minimum-volume shortfall",1
CTR0156,SUP0153,RM supply agreement: active,2024-05-01,2025-04-30,cost_plus: raw-material cost + fixed conversion fee,10000.0,Late delivery: supplier pays expedite freight; minimum-volume shortfall billed at 5% of shortfall value,1
CTR0157,SUP0153,RM supply agreement: active,2025-05-01,2026-04-30,fixed: firm prices for the term,8000.0,"1% credit per day late beyond 7 days, capped at 12%; buyer liable for 6% of any minimum-volume shortfall",1
CTR0158,SUP0157,RM supply agreement: colorant,2022-06-01,2023-05-31,"fixed: firm prices, annual review on volume tiers",19000.0,"1% credit per day late beyond 7 days, capped at 12%; buyer liable for 6% of any minimum-volume shortfall",1
CTR0159,SUP0157,RM supply agreement: colorant,2023-06-01,2024-05-31,"fixed: firm prices, annual review on volume tiers",22000.0,Late delivery: supplier pays expedite freight; minimum-volume shortfall billed at 5% of shortfall value,1
CTR0160,SUP0157,RM supply agreement: colorant,2024-06-01,2025-05-31,"fixed: firm prices, annual review on volume tiers",19000.0,Late delivery: supplier pays expedite freight; minimum-volume shortfall billed at 5% of shortfall value,1
CTR0161,SUP0157,RM supply agreement: colorant,2025-06-01,2026-05-31,fixed: firm prices for the term,22000.0,Late delivery: supplier pays expedite freight; minimum-volume shortfall billed at 5% of shortfall value,0
CTR0162,SUP0158,RM supply agreement: active,2022-04-01,2024-03-31,"fixed: firm prices, annual review on volume tiers",35000.0,"1% credit per day late beyond 7 days, capped at 12%; buyer liable for 6% of any minimum-volume shortfall",1
CTR0163,SUP0158,RM supply agreement: active,2024-04-01,2026-03-31,"fixed: firm prices, annual review on volume tiers",45000.0,"1% credit per day late beyond 7 days, capped at 12%; buyer liable for 6% of any minimum-volume shortfall",1
CTR0164,SUP0159,"RM supply agreement: sap, solvent",2022-01-01,2022-12-31,"index_linked: quarterly adjustment to published resin/pulp index, +/-5% cap",9000.0,2% credit per week late beyond agreed ETA; shortfall below minimum volume billed at 8%,0
CTR0165,SUP0159,"RM supply agreement: sap, solvent",2023-01-01,2023-12-31,"index_linked: quarterly adjustment to published resin/pulp index, +/-5% cap",12000.0,Late delivery: supplier pays expedite freight; minimum-volume shortfall billed at 5% of shortfall value,1
CTR0166,SUP0159,"RM supply agreement: sap, solvent",2024-01-01,2024-12-31,"index_linked: quarterly adjustment to published resin/pulp index, +/-5% cap",10000.0,"1.5% credit on PO value per full week of delay beyond 5 days, capped at 10%",1
CTR0167,SUP0159,"RM supply agreement: sap, solvent",2025-01-01,2025-12-31,"index_linked: quarterly adjustment to published resin/pulp index, +/-5% cap",12000.0,2% credit per week late beyond agreed ETA; shortfall below minimum volume billed at 8%,0
CTR0168,SUP0162,RM supply agreement: packaging film,2022-09-01,2023-08-31,cost_plus: raw-material cost + fixed conversion fee,104000.0,2% credit per week late beyond agreed ETA; shortfall below minimum volume billed at 8%,0
CTR0169,SUP0162,RM supply agreement: packaging film,2023-09-01,2024-08-31,fixed: firm prices for the term,127000.0,Late delivery: supplier pays expedite freight; minimum-volume shortfall billed at 5% of shortfall value,1
CTR0170,SUP0162,RM supply agreement: packaging film,2024-09-01,2025-08-31,cost_plus: raw-material cost + fixed conversion fee,125000.0,"1% credit per day late beyond 7 days, capped at 12%; buyer liable for 6% of any minimum-volume shortfall",0
CTR0171,SUP0162,RM supply agreement: packaging film,2025-09-01,2026-08-31,"fixed: firm prices, annual review on volume tiers",122000.0,"1.5% credit on PO value per full week of delay beyond 5 days, capped at 10%",1
CTR0172,SUP0163,RM supply agreement: fragrance,2022-02-01,2023-01-31,fixed: firm prices for the term,39000.0,"1.5% credit on PO value per full week of delay beyond 5 days, capped at 10%",1
CTR0173,SUP0163,RM supply agreement: fragrance,2023-02-01,2024-01-31,cost_plus: raw-material cost + fixed conversion fee,37000.0,"1.5% credit on PO value per full week of delay beyond 5 days, capped at 10%",1
CTR0174,SUP0163,RM supply agreement: fragrance,2024-02-01,2025-01-31,fixed: firm prices for the term,35000.0,"1.5% credit on PO value per full week of delay beyond 5 days, capped at 10%",0
CTR0175,SUP0163,RM supply agreement: fragrance,2025-02-01,2026-01-31,cost_plus: raw-material cost + fixed conversion fee,41000.0,"1% credit per day late beyond 7 days, capped at 12%; buyer liable for 6% of any minimum-volume shortfall",0
CTR0176,SUP0166,RM supply agreement: colorant,2022-10-01,2023-09-30,fixed: firm prices for the term,5000.0,Late delivery: supplier pays expedite freight; minimum-volume shortfall billed at 5% of shortfall value,0
CTR0177,SUP0166,RM supply agreement: colorant,2023-10-01,2024-09-30,"fixed: firm prices, annual review on volume tiers",5000.0,"1% credit per day late beyond 7 days, capped at 12%; buyer liable for 6% of any minimum-volume shortfall",1
CTR0178,SUP0166,RM supply agreement: colorant,2024-10-01,2025-09-30,cost_plus: raw-material cost + fixed conversion fee,5000.0,"1.5% credit on PO value per full week of delay beyond 5 days, capped at 10%",1
CTR0179,SUP0166,RM supply agreement: colorant,2025-10-01,2026-09-30,cost_plus: raw-material cost + fixed conversion fee,5000.0,2% credit per week late beyond agreed ETA; shortfall below minimum volume billed at 8%,0
CTR0180,SUP0169,RM supply agreement: elastic,2022-09-01,2023-08-31,fixed: firm prices for the term,5000.0,"1.5% credit on PO value per full week of delay beyond 5 days, capped at 10%",1
CTR0181,SUP0169,RM supply agreement: elastic,2023-09-01,2024-08-31,fixed: firm prices for the term,5000.0,"1.5% credit on PO value per full week of delay beyond 5 days, capped at 10%",0
CTR0182,SUP0169,RM supply agreement: elastic,2024-09-01,2025-08-31,cost_plus: raw-material cost + fixed conversion fee,5000.0,2% credit per week late beyond agreed ETA; shortfall below minimum volume billed at 8%,1
CTR0183,SUP0169,RM supply agreement: elastic,2025-09-01,2026-08-31,cost_plus: raw-material cost + fixed conversion fee,5000.0,2% credit per week late beyond agreed ETA; shortfall below minimum volume billed at 8%,1
CTR0184,SUP0177,"RM supply agreement: label stock, pp resin",2021-08-01,2023-07-31,"index_linked: quarterly adjustment to published resin/pulp index, +/-5% cap",20000.0,"1.5% credit on PO value per full week of delay beyond 5 days, capped at 10%",1
CTR0185,SUP0177,"RM supply agreement: label stock, pp resin",2023-08-01,2025-07-31,"index_linked: quarterly adjustment to published resin/pulp index, +/-5% cap",17000.0,"1.5% credit on PO value per full week of delay beyond 5 days, capped at 10%",0
CTR0186,SUP0177,"RM supply agreement: label stock, pp resin",2025-08-01,2027-07-31,"index_linked: quarterly adjustment to published resin/pulp index, +/-5% cap",19000.0,"1% credit per day late beyond 7 days, capped at 12%; buyer liable for 6% of any minimum-volume shortfall",1
CTR0187,SUP0179,RM supply agreement: sap,2022-06-01,2023-05-31,"index_linked: quarterly adjustment to published resin/pulp index, +/-5% cap",102000.0,2% credit per week late beyond agreed ETA; shortfall below minimum volume billed at 8%,1
CTR0188,SUP0179,RM supply agreement: sap,2023-06-01,2024-05-31,"index_linked: quarterly adjustment to published resin/pulp index, +/-5% cap",101000.0,Late delivery: supplier pays expedite freight; minimum-volume shortfall billed at 5% of shortfall value,1
CTR0189,SUP0179,RM supply agreement: sap,2024-06-01,2025-05-31,"index_linked: quarterly adjustment to published resin/pulp index, +/-5% cap",122000.0,"1% credit per day late beyond 7 days, capped at 12%; buyer liable for 6% of any minimum-volume shortfall",1
CTR0190,SUP0179,RM supply agreement: sap,2025-06-01,2026-05-31,"index_linked: quarterly adjustment to published resin/pulp index, +/-5% cap",91000.0,"1% credit per day late beyond 7 days, capped at 12%; buyer liable for 6% of any minimum-volume shortfall",1
CTR0191,SUP0182,"RM supply agreement: corrugate, hdpe resin",2022-09-01,2023-08-31,"index_linked: quarterly adjustment to published resin/pulp index, +/-5% cap",75000.0,"1% credit per day late beyond 7 days, capped at 12%; buyer liable for 6% of any minimum-volume shortfall",1
CTR0192,SUP0182,"RM supply agreement: corrugate, hdpe resin",2023-09-01,2024-08-31,"index_linked: quarterly adjustment to published resin/pulp index, +/-5% cap",68000.0,"1% credit per day late beyond 7 days, capped at 12%; buyer liable for 6% of any minimum-volume shortfall",1
CTR0193,SUP0182,"RM supply agreement: corrugate, hdpe resin",2024-09-01,2025-08-31,"index_linked: quarterly adjustment to published resin/pulp index, +/-5% cap",48000.0,2% credit per week late beyond agreed ETA; shortfall below minimum volume billed at 8%,1
CTR0194,SUP0182,"RM supply agreement: corrugate, hdpe resin",2025-09-01,2026-08-31,"index_linked: quarterly adjustment to published resin/pulp index, +/-5% cap",59000.0,2% credit per week late beyond agreed ETA; shortfall below minimum volume billed at 8%,1
CTR0195,SUP0184,RM supply agreement: nonwoven,2022-01-01,2022-12-31,cost_plus: raw-material cost + fixed conversion fee,14000.0,"1% credit per day late beyond 7 days, capped at 12%; buyer liable for 6% of any minimum-volume shortfall",0
CTR0196,SUP0184,RM supply agreement: nonwoven,2023-01-01,2023-12-31,fixed: firm prices for the term,16000.0,Late delivery: supplier pays expedite freight; minimum-volume shortfall billed at 5% of shortfall value,0
CTR0197,SUP0184,RM supply agreement: nonwoven,2024-01-01,2024-12-31,fixed: firm prices for the term,13000.0,"1.5% credit on PO value per full week of delay beyond 5 days, capped at 10%",1
CTR0198,SUP0184,RM supply agreement: nonwoven,2025-01-01,2025-12-31,fixed: firm prices for the term,15000.0,2% credit per week late beyond agreed ETA; shortfall below minimum volume billed at 8%,0
CTR0199,SUP0187,RM supply agreement: pet resin,2022-09-01,2023-08-31,"index_linked: quarterly adjustment to published resin/pulp index, +/-5% cap",27000.0,2% credit per week late beyond agreed ETA; shortfall below minimum volume billed at 8%,1
CTR0200,SUP0187,RM supply agreement: pet resin,2023-09-01,2024-08-31,"index_linked: quarterly adjustment to published resin/pulp index, +/-5% cap",23000.0,"1% credit per day late beyond 7 days, capped at 12%; buyer liable for 6% of any minimum-volume shortfall",1
CTR0201,SUP0187,RM supply agreement: pet resin,2024-09-01,2025-08-31,"index_linked: quarterly adjustment to published resin/pulp index, +/-5% cap",34000.0,"1% credit per day late beyond 7 days, capped at 12%; buyer liable for 6% of any minimum-volume shortfall",1
CTR0202,SUP0187,RM supply agreement: pet resin,2025-09-01,2026-08-31,"index_linked: quarterly adjustment to published resin/pulp index, +/-5% cap",30000.0,"1% credit per day late beyond 7 days, capped at 12%; buyer liable for 6% of any minimum-volume shortfall",1
CTR0203,SUP0188,RM supply agreement: active,2022-07-01,2023-06-30,cost_plus: raw-material cost + fixed conversion fee,216000.0,Late delivery: supplier pays expedite freight; minimum-volume shortfall billed at 5% of shortfall value,1
CTR0204,SUP0188,RM supply agreement: active,2023-07-01,2024-06-30,"fixed: firm prices, annual review on volume tiers",221000.0,2% credit per week late beyond agreed ETA; shortfall below minimum volume billed at 8%,1
CTR0205,SUP0188,RM supply agreement: active,2024-07-01,2025-06-30,"fixed: firm prices, annual review on volume tiers",212000.0,2% credit per week late beyond agreed ETA; shortfall below minimum volume billed at 8%,1
CTR0206,SUP0188,RM supply agreement: active,2025-07-01,2026-06-30,fixed: firm prices for the term,255000.0,"1.5% credit on PO value per full week of delay beyond 5 days, capped at 10%",1
CTR0207,SUP0189,RM supply agreement: elastic,2021-12-01,2023-11-30,"fixed: firm prices, annual review on volume tiers",5000.0,"1% credit per day late beyond 7 days, capped at 12%; buyer liable for 6% of any minimum-volume shortfall",1
CTR0208,SUP0189,RM supply agreement: elastic,2023-12-01,2025-11-30,cost_plus: raw-material cost + fixed conversion fee,5000.0,Late delivery: supplier pays expedite freight; minimum-volume shortfall billed at 5% of shortfall value,1
CTR0209,SUP0189,RM supply agreement: elastic,2025-12-01,2027-11-30,cost_plus: raw-material cost + fixed conversion fee,5000.0,"1% credit per day late beyond 7 days, capped at 12%; buyer liable for 6% of any minimum-volume shortfall",1
CTR0210,SUP0192,"RM supply agreement: colorant, pp resin",2022-11-01,2023-10-31,"index_linked: quarterly adjustment to published resin/pulp index, +/-5% cap",42000.0,"1% credit per day late beyond 7 days, capped at 12%; buyer liable for 6% of any minimum-volume shortfall",1
CTR0211,SUP0192,"RM supply agreement: colorant, pp resin",2023-11-01,2024-10-31,"index_linked: quarterly adjustment to published resin/pulp index, +/-5% cap",37000.0,2% credit per week late beyond agreed ETA; shortfall below minimum volume billed at 8%,0
CTR0212,SUP0192,"RM supply agreement: colorant, pp resin",2024-11-01,2025-10-31,"index_linked: quarterly adjustment to published resin/pulp index, +/-5% cap",48000.0,"1% credit per day late beyond 7 days, capped at 12%; buyer liable for 6% of any minimum-volume shortfall",1
CTR0213,SUP0192,"RM supply agreement: colorant, pp resin",2025-11-01,2026-10-31,"index_linked: quarterly adjustment to published resin/pulp index, +/-5% cap",39000.0,2% credit per week late beyond agreed ETA; shortfall below minimum volume billed at 8%,1
CTR0214,SUP0197,RM supply agreement: label stock,2022-05-01,2024-04-30,"fixed: firm prices, annual review on volume tiers",13000.0,Late delivery: supplier pays expedite freight; minimum-volume shortfall billed at 5% of shortfall value,1
CTR0215,SUP0197,RM supply agreement: label stock,2024-05-01,2026-04-30,"fixed: firm prices, annual review on volume tiers",11000.0,Late delivery: supplier pays expedite freight; minimum-volume shortfall billed at 5% of shortfall value,1
CTR0216,SUP0199,RM supply agreement: solvent,2021-03-01,2023-02-28,cost_plus: raw-material cost + fixed conversion fee,28000.0,"1% credit per day late beyond 7 days, capped at 12%; buyer liable for 6% of any minimum-volume shortfall",1
CTR0217,SUP0199,RM supply agreement: solvent,2023-03-01,2025-02-28,fixed: firm prices for the term,34000.0,"1.5% credit on PO value per full week of delay beyond 5 days, capped at 10%",1
CTR0218,SUP0199,RM supply agreement: solvent,2025-03-01,2027-02-28,cost_plus: raw-material cost + fixed conversion fee,29000.0,"1% credit per day late beyond 7 days, capped at 12%; buyer liable for 6% of any minimum-volume shortfall",0
CTR0219,SUP0202,RM supply agreement: packaging film,2022-06-01,2024-05-31,cost_plus: raw-material cost + fixed conversion fee,53000.0,2% credit per week late beyond agreed ETA; shortfall below minimum volume billed at 8%,1
CTR0220,SUP0202,RM supply agreement: packaging film,2024-06-01,2026-05-31,fixed: firm prices for the term,49000.0,2% credit per week late beyond agreed ETA; shortfall below minimum volume billed at 8%,1
CTR0221,SUP0207,"RM supply agreement: carton board, hdpe resin",2022-10-01,2024-09-30,"index_linked: quarterly adjustment to published resin/pulp index, +/-5% cap",48000.0,"1% credit per day late beyond 7 days, capped at 12%; buyer liable for 6% of any minimum-volume shortfall",1
CTR0222,SUP0207,"RM supply agreement: carton board, hdpe resin",2024-10-01,2026-09-30,"index_linked: quarterly adjustment to published resin/pulp index, +/-5% cap",39000.0,"1% credit per day late beyond 7 days, capped at 12%; buyer liable for 6% of any minimum-volume shortfall",1
CTR0223,SUP0208,RM supply agreement: fragrance,2022-11-01,2024-10-31,"fixed: firm prices, annual review on volume tiers",264000.0,"1.5% credit on PO value per full week of delay beyond 5 days, capped at 10%",0
CTR0224,SUP0208,RM supply agreement: fragrance,2024-11-01,2026-10-31,fixed: firm prices for the term,240000.0,Late delivery: supplier pays expedite freight; minimum-volume shortfall billed at 5% of shortfall value,1
CTR0225,SUP0217,"RM supply agreement: carton board, corrugate",2022-05-01,2023-04-30,"fixed: firm prices, annual review on volume tiers",58000.0,2% credit per week late beyond agreed ETA; shortfall below minimum volume billed at 8%,1
CTR0226,SUP0217,"RM supply agreement: carton board, corrugate",2023-05-01,2024-04-30,cost_plus: raw-material cost + fixed conversion fee,41000.0,"1% credit per day late beyond 7 days, capped at 12%; buyer liable for 6% of any minimum-volume shortfall",1
CTR0227,SUP0217,"RM supply agreement: carton board, corrugate",2024-05-01,2025-04-30,"fixed: firm prices, annual review on volume tiers",50000.0,Late delivery: supplier pays expedite freight; minimum-volume shortfall billed at 5% of shortfall value,1
CTR0228,SUP0217,"RM supply agreement: carton board, corrugate",2025-05-01,2026-04-30,cost_plus: raw-material cost + fixed conversion fee,60000.0,2% credit per week late beyond agreed ETA; shortfall below minimum volume billed at 8%,1
CTR0229,SUP0219,RM supply agreement: pulp,2021-07-01,2023-06-30,"index_linked: quarterly adjustment to published resin/pulp index, +/-5% cap",104000.0,"1% credit per day late beyond 7 days, capped at 12%; buyer liable for 6% of any minimum-volume shortfall",1
CTR0230,SUP0219,RM supply agreement: pulp,2023-07-01,2025-06-30,"index_linked: quarterly adjustment to published resin/pulp index, +/-5% cap",102000.0,"1.5% credit on PO value per full week of delay beyond 5 days, capped at 10%",1
CTR0231,SUP0219,RM supply agreement: pulp,2025-07-01,2027-06-30,"index_linked: quarterly adjustment to published resin/pulp index, +/-5% cap",90000.0,"1.5% credit on PO value per full week of delay beyond 5 days, capped at 10%",0
CTR0232,SUP0223,RM supply agreement: active,2022-11-01,2023-10-31,fixed: firm prices for the term,28000.0,"1% credit per day late beyond 7 days, capped at 12%; buyer liable for 6% of any minimum-volume shortfall",1
CTR0233,SUP0223,RM supply agreement: active,2023-11-01,2024-10-31,"fixed: firm prices, annual review on volume tiers",33000.0,"1.5% credit on PO value per full week of delay beyond 5 days, capped at 10%",0
CTR0234,SUP0223,RM supply agreement: active,2024-11-01,2025-10-31,"fixed: firm prices, annual review on volume tiers",40000.0,2% credit per week late beyond agreed ETA; shortfall below minimum volume billed at 8%,0
CTR0235,SUP0223,RM supply agreement: active,2025-11-01,2026-10-31,"fixed: firm prices, annual review on volume tiers",28000.0,"1% credit per day late beyond 7 days, capped at 12%; buyer liable for 6% of any minimum-volume shortfall",0
CTR0236,SUP0226,RM supply agreement: steel strip,2022-09-01,2024-08-31,"fixed: firm prices, annual review on volume tiers",17000.0,2% credit per week late beyond agreed ETA; shortfall below minimum volume billed at 8%,1
CTR0237,SUP0226,RM supply agreement: steel strip,2024-09-01,2026-08-31,"fixed: firm prices, annual review on volume tiers",13000.0,"1% credit per day late beyond 7 days, capped at 12%; buyer liable for 6% of any minimum-volume shortfall",1
CTR0238,SUP0227,"RM supply agreement: packaging film, pp resin",2022-04-01,2023-03-31,"index_linked: quarterly adjustment to published resin/pulp index, +/-5% cap",59000.0,"1.5% credit on PO value per full week of delay beyond 5 days, capped at 10%",1
CTR0239,SUP0227,"RM supply agreement: packaging film, pp resin",2023-04-01,2024-03-31,"index_linked: quarterly adjustment to published resin/pulp index, +/-5% cap",60000.0,"1.5% credit on PO value per full week of delay beyond 5 days, capped at 10%",1
CTR0240,SUP0227,"RM supply agreement: packaging film, pp resin",2024-04-01,2025-03-31,"index_linked: quarterly adjustment to published resin/pulp index, +/-5% cap",69000.0,2% credit per week late beyond agreed ETA; shortfall below minimum volume billed at 8%,1
CTR0241,SUP0227,"RM supply agreement: packaging film, pp resin",2025-04-01,2026-03-31,"index_linked: quarterly adjustment to published resin/pulp index, +/-5% cap",83000.0,Late delivery: supplier pays expedite freight; minimum-volume shortfall billed at 5% of shortfall value,0
CTR0242,SUP0228,RM supply agreement: fragrance,2022-06-01,2024-05-31,cost_plus: raw-material cost + fixed conversion fee,15000.0,2% credit per week late beyond agreed ETA; shortfall below minimum volume billed at 8%,0
CTR0243,SUP0228,RM supply agreement: fragrance,2024-06-01,2026-05-31,cost_plus: raw-material cost + fixed conversion fee,10000.0,2% credit per week late beyond agreed ETA; shortfall below minimum volume billed at 8%,1
CTR0244,SUP0232,RM supply agreement: ink,2022-02-01,2023-01-31,cost_plus: raw-material cost + fixed conversion fee,5000.0,2% credit per week late beyond agreed ETA; shortfall below minimum volume billed at 8%,0
CTR0245,SUP0232,RM supply agreement: ink,2023-02-01,2024-01-31,cost_plus: raw-material cost + fixed conversion fee,5000.0,2% credit per week late beyond agreed ETA; shortfall below minimum volume billed at 8%,0
CTR0246,SUP0232,RM supply agreement: ink,2024-02-01,2025-01-31,cost_plus: raw-material cost + fixed conversion fee,5000.0,"1.5% credit on PO value per full week of delay beyond 5 days, capped at 10%",1
CTR0247,SUP0232,RM supply agreement: ink,2025-02-01,2026-01-31,"fixed: firm prices, annual review on volume tiers",5000.0,"1% credit per day late beyond 7 days, capped at 12%; buyer liable for 6% of any minimum-volume shortfall",1
CTR0248,SUP0234,RM supply agreement: pulp,2022-04-01,2023-03-31,"index_linked: quarterly adjustment to published resin/pulp index, +/-5% cap",42000.0,Late delivery: supplier pays expedite freight; minimum-volume shortfall billed at 5% of shortfall value,1
CTR0249,SUP0234,RM supply agreement: pulp,2023-04-01,2024-03-31,"index_linked: quarterly adjustment to published resin/pulp index, +/-5% cap",36000.0,"1.5% credit on PO value per full week of delay beyond 5 days, capped at 10%",1
CTR0250,SUP0234,RM supply agreement: pulp,2024-04-01,2025-03-31,"index_linked: quarterly adjustment to published resin/pulp index, +/-5% cap",30000.0,"1.5% credit on PO value per full week of delay beyond 5 days, capped at 10%",1
CTR0251,SUP0234,RM supply agreement: pulp,2025-04-01,2026-03-31,"index_linked: quarterly adjustment to published resin/pulp index, +/-5% cap",43000.0,Late delivery: supplier pays expedite freight; minimum-volume shortfall billed at 5% of shortfall value,1
CTR0252,SUP0237,"RM supply agreement: label stock, pp resin",2022-09-01,2023-08-31,"index_linked: quarterly adjustment to published resin/pulp index, +/-5% cap",73000.0,"1% credit per day late beyond 7 days, capped at 12%; buyer liable for 6% of any minimum-volume shortfall",1
CTR0253,SUP0237,"RM supply agreement: label stock, pp resin",2023-09-01,2024-08-31,"index_linked: quarterly adjustment to published resin/pulp index, +/-5% cap",69000.0,2% credit per week late beyond agreed ETA; shortfall below minimum volume billed at 8%,1
CTR0254,SUP0237,"RM supply agreement: label stock, pp resin",2024-09-01,2025-08-31,"index_linked: quarterly adjustment to published resin/pulp index, +/-5% cap",77000.0,"1% credit per day late beyond 7 days, capped at 12%; buyer liable for 6% of any minimum-volume shortfall",1
CTR0255,SUP0237,"RM supply agreement: label stock, pp resin",2025-09-01,2026-08-31,"index_linked: quarterly adjustment to published resin/pulp index, +/-5% cap",62000.0,2% credit per week late beyond agreed ETA; shortfall below minimum volume billed at 8%,1
CTR0256,SUP0243,RM supply agreement: surfactant,2022-04-01,2023-03-31,fixed: firm prices for the term,136000.0,"1% credit per day late beyond 7 days, capped at 12%; buyer liable for 6% of any minimum-volume shortfall",1
CTR0257,SUP0243,RM supply agreement: surfactant,2023-04-01,2024-03-31,fixed: firm prices for the term,140000.0,2% credit per week late beyond agreed ETA; shortfall below minimum volume billed at 8%,1
CTR0258,SUP0243,RM supply agreement: surfactant,2024-04-01,2025-03-31,"fixed: firm prices, annual review on volume tiers",134000.0,Late delivery: supplier pays expedite freight; minimum-volume shortfall billed at 5% of shortfall value,0
CTR0259,SUP0243,RM supply agreement: surfactant,2025-04-01,2026-03-31,fixed: firm prices for the term,142000.0,"1.5% credit on PO value per full week of delay beyond 5 days, capped at 10%",0
CTR0260,SUP0247,"RM supply agreement: ink, packaging film",2022-10-01,2024-09-30,"fixed: firm prices, annual review on volume tiers",202000.0,Late delivery: supplier pays expedite freight; minimum-volume shortfall billed at 5% of shortfall value,0
CTR0261,SUP0247,"RM supply agreement: ink, packaging film",2024-10-01,2026-09-30,"fixed: firm prices, annual review on volume tiers",200000.0,2% credit per week late beyond agreed ETA; shortfall below minimum volume billed at 8%,1
CTR0262,SUP0248,RM supply agreement: surfactant,2022-01-01,2022-12-31,"fixed: firm prices, annual review on volume tiers",179000.0,"1.5% credit on PO value per full week of delay beyond 5 days, capped at 10%",1
CTR0263,SUP0248,RM supply agreement: surfactant,2023-01-01,2023-12-31,cost_plus: raw-material cost + fixed conversion fee,208000.0,"1% credit per day late beyond 7 days, capped at 12%; buyer liable for 6% of any minimum-volume shortfall",1
CTR0264,SUP0248,RM supply agreement: surfactant,2024-01-01,2024-12-31,"fixed: firm prices, annual review on volume tiers",227000.0,2% credit per week late beyond agreed ETA; shortfall below minimum volume billed at 8%,1
CTR0265,SUP0248,RM supply agreement: surfactant,2025-01-01,2025-12-31,cost_plus: raw-material cost + fixed conversion fee,248000.0,Late delivery: supplier pays expedite freight; minimum-volume shortfall billed at 5% of shortfall value,0
CTR0266,SUP0249,RM supply agreement: pulp,2022-05-01,2023-04-30,"index_linked: quarterly adjustment to published resin/pulp index, +/-5% cap",57000.0,Late delivery: supplier pays expedite freight; minimum-volume shortfall billed at 5% of shortfall value,0
CTR0267,SUP0249,RM supply agreement: pulp,2023-05-01,2024-04-30,"index_linked: quarterly adjustment to published resin/pulp index, +/-5% cap",78000.0,2% credit per week late beyond agreed ETA; shortfall below minimum volume billed at 8%,1
CTR0268,SUP0249,RM supply agreement: pulp,2024-05-01,2025-04-30,"index_linked: quarterly adjustment to published resin/pulp index, +/-5% cap",82000.0,"1.5% credit on PO value per full week of delay beyond 5 days, capped at 10%",1
CTR0269,SUP0249,RM supply agreement: pulp,2025-05-01,2026-04-30,"index_linked: quarterly adjustment to published resin/pulp index, +/-5% cap",64000.0,2% credit per week late beyond agreed ETA; shortfall below minimum volume billed at 8%,0
