catalog_id,rm_id,supplier_id,sourcing_rank,allocation_pct,lead_time_days,moq,unit_price,price_valid_from,price_valid_to,contract_id,qualified_flag
CAT00001,RM0001,SUP0217,primary,65.0,32,250.0,0.7708,2022-05-01,2023-04-30,CTR0225,1
CAT00002,RM0001,SUP0012,secondary,20.0,34,250.0,0.7303,2022-09-01,2023-08-31,CTR0007,1
CAT00003,RM0001,SUP0182,tertiary,15.0,41,500.0,0.7971,2022-09-01,2023-08-31,CTR0191,1
CAT00004,RM0001,SUP0217,primary,65.0,32,250.0,0.7594,2023-05-01,2024-04-30,CTR0226,1
CAT00005,RM0001,SUP0012,secondary,20.0,34,250.0,0.7321,2023-09-01,2024-08-31,CTR0008,1
CAT00006,RM0001,SUP0182,tertiary,15.0,41,500.0,0.8004,2023-09-01,2024-08-31,CTR0192,1
CAT00007,RM0001,SUP0217,primary,65.0,32,250.0,0.751,2024-05-01,2025-04-30,CTR0227,1
CAT00008,RM0001,SUP0012,secondary,20.0,34,250.0,0.7213,2024-09-01,2025-08-31,CTR0009,1
CAT00009,RM0001,SUP0182,tertiary,15.0,41,500.0,0.7994,2024-09-01,2025-08-31,CTR0193,1
CAT00010,RM0001,SUP0217,primary,65.0,32,250.0,0.7927,2025-05-01,2026-04-30,CTR0228,1
CAT00011,RM0001,SUP0012,secondary,20.0,34,250.0,0.7504,2025-09-01,2026-08-31,CTR0010,1
CAT00012,RM0001,SUP0182,tertiary,15.0,41,500.0,0.8269,2025-09-01,2026-08-31,CTR0194,1
CAT00013,RM0002,SUP0032,secondary,30.0,26,500.0,0.9414,2022-02-01,2024-01-31,CTR0033,1
CAT00014,RM0002,SUP0012,primary,70.0,34,500.0,0.8771,2022-09-01,2023-08-31,CTR0007,1
CAT00015,RM0002,SUP0012,primary,70.0,34,500.0,0.9063,2023-09-01,2024-08-31,CTR0008,1
CAT00016,RM0002,SUP0032,secondary,30.0,26,500.0,0.9495,2024-02-01,2026-01-31,CTR0034,1
CAT00017,RM0002,SUP0012,primary,70.0,34,500.0,0.906,2024-09-01,2025-08-31,CTR0009,1
CAT00018,RM0002,SUP0012,primary,70.0,34,500.0,0.888,2025-09-01,2026-08-31,CTR0010,1
CAT00019,RM0003,SUP0202,secondary,10.0,30,2000.0,0.1803,2022-06-01,2024-05-31,CTR0219,1
CAT00020,RM0003,SUP0247,primary,90.0,42,5000.0,0.1981,2022-10-01,2024-09-30,CTR0260,1
CAT00021,RM0003,SUP0202,secondary,10.0,30,2000.0,0.1844,2024-06-01,2026-05-31,CTR0220,1
CAT00022,RM0003,SUP0247,primary,90.0,42,5000.0,0.1996,2024-10-01,2026-09-30,CTR0261,1
CAT00023,RM0004,SUP0227,secondary,15.0,31,2000.0,0.2481,2022-04-01,2023-03-31,CTR0238,1
CAT00024,RM0004,SUP0202,tertiary,5.0,30,2000.0,0.255,2022-06-01,2024-05-31,CTR0219,1
CAT00025,RM0004,SUP0162,primary,80.0,45,2000.0,0.2387,2022-09-01,2023-08-31,CTR0168,1
CAT00026,RM0004,SUP0227,secondary,15.0,31,2000.0,0.257,2023-04-01,2024-03-31,CTR0239,1
CAT00027,RM0004,SUP0162,primary,80.0,45,2000.0,0.246,2023-09-01,2024-08-31,CTR0169,1
CAT00028,RM0004,SUP0227,secondary,15.0,31,2000.0,0.2704,2024-04-01,2025-03-31,CTR0240,1
CAT00029,RM0004,SUP0202,tertiary,5.0,30,2000.0,0.2622,2024-06-01,2026-05-31,CTR0220,1
CAT00030,RM0004,SUP0162,primary,80.0,45,2000.0,0.2559,2024-09-01,2025-08-31,CTR0170,1
CAT00031,RM0004,SUP0227,secondary,15.0,31,2000.0,0.2688,2025-04-01,2026-03-31,CTR0241,1
CAT00032,RM0004,SUP0162,primary,80.0,45,2000.0,0.265,2025-09-01,2026-08-31,CTR0171,1
CAT00033,RM0005,SUP0197,secondary,10.0,14,2500.0,0.0598,2022-05-01,2024-04-30,CTR0214,1
CAT00034,RM0005,SUP0237,primary,90.0,8,5000.0,0.0605,2022-09-01,2023-08-31,CTR0252,1
CAT00035,RM0005,SUP0237,primary,90.0,8,5000.0,0.0608,2023-09-01,2024-08-31,CTR0253,1
CAT00036,RM0005,SUP0197,secondary,10.0,14,2500.0,0.0624,2024-05-01,2026-04-30,CTR0215,1
CAT00037,RM0005,SUP0237,primary,90.0,8,5000.0,0.0618,2024-09-01,2025-08-31,CTR0254,1
CAT00038,RM0005,SUP0237,primary,90.0,8,5000.0,0.0624,2025-09-01,2026-08-31,CTR0255,1
CAT00039,RM0006,SUP0197,tertiary,5.0,14,5000.0,0.0116,2022-05-01,2024-04-30,CTR0214,1
CAT00040,RM0006,SUP0237,secondary,20.0,8,2500.0,0.0133,2022-09-01,2023-08-31,CTR0252,1
CAT00041,RM0006,SUP0042,primary,75.0,20,5000.0,0.012,2022-11-01,2023-10-31,CTR0047,1
CAT00042,RM0006,SUP0237,secondary,20.0,8,2500.0,0.0136,2023-09-01,2024-08-31,CTR0253,1
CAT00043,RM0006,SUP0042,primary,75.0,20,5000.0,0.0121,2023-11-01,2024-10-31,CTR0048,1
CAT00044,RM0006,SUP0197,tertiary,5.0,14,5000.0,0.0122,2024-05-01,2026-04-30,CTR0215,1
CAT00045,RM0006,SUP0237,secondary,20.0,8,2500.0,0.0138,2024-09-01,2025-08-31,CTR0254,1
CAT00046,RM0006,SUP0042,primary,75.0,20,5000.0,0.0126,2024-11-01,2025-10-31,CTR0049,1
CAT00047,RM0006,SUP0237,secondary,20.0,8,2500.0,0.0135,2025-09-01,2026-08-31,CTR0255,1
CAT00048,RM0006,SUP0042,primary,75.0,20,5000.0,0.0131,2025-11-01,2026-10-31,CTR0050,1
CAT00049,RM0007,SUP0072,primary,80.0,44,50.0,2.6379,2021-10-01,2023-09-30,CTR0079,1
CAT00050,RM0007,SUP0097,secondary,20.0,13,50.0,3.0148,2022-02-01,2023-01-31,CTR0099,1
CAT00051,RM0007,SUP0097,secondary,20.0,13,50.0,2.9966,2023-02-01,2024-01-31,CTR0100,1
CAT00052,RM0007,SUP0072,primary,80.0,44,50.0,2.7542,2023-10-01,2025-09-30,CTR0080,1
CAT00053,RM0007,SUP0097,secondary,20.0,13,50.0,3.017,2024-02-01,2025-01-31,CTR0101,1
CAT00054,RM0007,SUP0097,secondary,20.0,13,50.0,3.1934,2025-02-01,2026-01-31,CTR0102,1
CAT00055,RM0007,SUP0072,primary,80.0,44,50.0,2.8628,2025-10-01,2027-09-30,CTR0081,1
CAT00056,RM0008,SUP0097,primary,70.0,13,50.0,5.5217,2022-02-01,2023-01-31,CTR0099,1
CAT00057,RM0008,SUP0102,secondary,30.0,12,50.0,5.3831,2022-09-01,2023-08-31,CTR0110,1
CAT00058,RM0008,SUP0097,primary,70.0,13,50.0,5.7958,2023-02-01,2024-01-31,CTR0100,1
CAT00059,RM0008,SUP0102,secondary,30.0,12,50.0,5.4038,2023-09-01,2024-08-31,CTR0111,1
CAT00060,RM0008,SUP0097,primary,70.0,13,50.0,5.7948,2024-02-01,2025-01-31,CTR0101,1
CAT00061,RM0008,SUP0102,secondary,30.0,12,50.0,5.3866,2024-09-01,2025-08-31,CTR0112,1
CAT00062,RM0008,SUP0097,primary,70.0,13,50.0,5.7209,2025-02-01,2026-01-31,CTR0102,1
CAT00063,RM0008,SUP0102,secondary,30.0,12,50.0,5.293,2025-09-01,2026-08-31,CTR0113,1
CAT00064,RM0009,SUP0092,tertiary,10.0,50,200.0,1.333,2022-06-01,2024-05-31,CTR0097,1
CAT00065,RM0009,SUP0107,secondary,25.0,22,200.0,1.2184,2022-07-01,2024-06-30,CTR0118,1
CAT00066,RM0009,SUP0192,primary,65.0,25,250.0,1.1055,2022-11-01,2023-10-31,CTR0210,1
CAT00067,RM0009,SUP0192,primary,65.0,25,250.0,1.0942,2023-11-01,2024-10-31,CTR0211,1
CAT00068,RM0009,SUP0092,tertiary,10.0,50,200.0,1.3073,2024-06-01,2026-05-31,CTR0098,1
CAT00069,RM0009,SUP0107,secondary,25.0,22,200.0,1.2517,2024-07-01,2026-06-30,CTR0119,1
CAT00070,RM0009,SUP0192,primary,65.0,25,250.0,1.1575,2024-11-01,2025-10-31,CTR0212,1
CAT00071,RM0009,SUP0192,primary,65.0,25,250.0,1.1359,2025-11-01,2026-10-31,CTR0213,1
CAT00072,RM0010,SUP0227,primary,70.0,31,200.0,1.1024,2022-04-01,2023-03-31,CTR0238,1
CAT00073,RM0010,SUP0237,secondary,30.0,8,200.0,0.9601,2022-09-01,2023-08-31,CTR0252,1
CAT00074,RM0010,SUP0227,primary,70.0,31,200.0,1.1452,2023-04-01,2024-03-31,CTR0239,1
CAT00075,RM0010,SUP0237,secondary,30.0,8,200.0,0.9953,2023-09-01,2024-08-31,CTR0253,1
CAT00076,RM0010,SUP0227,primary,70.0,31,200.0,1.1451,2024-04-01,2025-03-31,CTR0240,1
CAT00077,RM0010,SUP0237,secondary,30.0,8,200.0,0.9941,2024-09-01,2025-08-31,CTR0254,1
CAT00078,RM0010,SUP0227,primary,70.0,31,200.0,1.1905,2025-04-01,2026-03-31,CTR0241,1
CAT00079,RM0010,SUP0237,secondary,30.0,8,200.0,1.0248,2025-09-01,2026-08-31,CTR0255,1
CAT00080,RM0011,SUP0163,primary,90.0,56,2.0,24.2206,2022-02-01,2023-01-31,CTR0172,1
CAT00081,RM0011,SUP0143,secondary,10.0,59,2.0,23.8438,2022-10-01,2023-09-30,CTR0145,1
CAT00082,RM0011,SUP0163,primary,90.0,56,2.0,24.5975,2023-02-01,2024-01-31,CTR0173,1
CAT00083,RM0011,SUP0143,secondary,10.0,59,2.0,24.447,2023-10-01,2024-09-30,CTR0146,1
CAT00084,RM0011,SUP0163,primary,90.0,56,2.0,24.9853,2024-02-01,2025-01-31,CTR0174,1
CAT00085,RM0011,SUP0143,secondary,10.0,59,2.0,24.7093,2024-10-01,2025-09-30,CTR0147,1
CAT00086,RM0011,SUP0163,primary,90.0,56,2.0,25.4702,2025-02-01,2026-01-31,CTR0175,1
CAT00087,RM0011,SUP0143,secondary,10.0,59,2.0,24.4818,2025-10-01,2026-09-30,CTR0148,1
CAT00088,RM0012,SUP0003,secondary,0.0,37,20.0,35.3691,2022-04-01,2023-03-31,CTR0003,0
CAT00089,RM0012,SUP0143,primary,100.0,59,20.0,33.3055,2022-10-01,2023-09-30,CTR0145,1
CAT00090,RM0012,SUP0003,secondary,0.0,37,20.0,37.4428,2023-04-01,2024-03-31,CTR0004,0
CAT00091,RM0012,SUP0143,primary,100.0,59,20.0,34.9758,2023-10-01,2024-09-30,CTR0146,1
CAT00092,RM0012,SUP0003,secondary,0.0,37,20.0,38.0595,2024-04-01,2025-03-31,CTR0005,0
CAT00093,RM0012,SUP0143,primary,100.0,59,20.0,35.2323,2024-10-01,2025-09-30,CTR0147,1
CAT00094,RM0012,SUP0003,secondary,0.0,37,20.0,38.7048,2025-04-01,2026-03-31,CTR0006,0
CAT00095,RM0012,SUP0143,primary,100.0,59,20.0,35.027,2025-10-01,2026-09-30,CTR0148,1
CAT00096,RM0013,SUP0018,primary,85.0,62,20.0,47.8354,2022-10-01,2023-09-30,CTR0019,1
CAT00097,RM0013,SUP0208,secondary,15.0,53,20.0,42.8205,2022-11-01,2024-10-31,CTR0223,1
CAT00098,RM0013,SUP0018,primary,85.0,62,20.0,46.9057,2023-10-01,2024-09-30,CTR0020,1
CAT00099,RM0013,SUP0018,primary,85.0,62,20.0,46.5261,2024-10-01,2025-09-30,CTR0021,1
CAT00100,RM0013,SUP0208,secondary,15.0,53,20.0,42.0036,2024-11-01,2026-10-31,CTR0224,1
CAT00101,RM0013,SUP0018,primary,85.0,62,20.0,47.4099,2025-10-01,2026-09-30,CTR0022,1
CAT00102,RM0014,SUP0063,secondary,10.0,15,2.0,36.7979,2022-02-01,2023-01-31,CTR0069,1
CAT00103,RM0014,SUP0228,primary,65.0,47,2.0,33.3876,2022-06-01,2024-05-31,CTR0242,1
CAT00104,RM0014,SUP0143,tertiary,25.0,59,2.0,35.7951,2022-10-01,2023-09-30,CTR0145,1
CAT00105,RM0014,SUP0063,secondary,10.0,15,2.0,37.6149,2023-02-01,2024-01-31,CTR0070,1
CAT00106,RM0014,SUP0143,tertiary,25.0,59,2.0,36.3299,2023-10-01,2024-09-30,CTR0146,1
CAT00107,RM0014,SUP0063,secondary,10.0,15,2.0,37.4046,2024-02-01,2025-01-18,CTR0071,1
CAT00108,RM0014,SUP0228,primary,65.0,47,2.0,33.2612,2024-06-01,2025-01-18,CTR0243,1
CAT00109,RM0014,SUP0143,tertiary,25.0,59,2.0,36.8953,2024-10-01,2025-01-18,CTR0147,1
CAT00110,RM0014,SUP0063,primary,30.0,15,2.0,37.4046,2025-01-19,2025-01-31,CTR0071,1
CAT00111,RM0014,SUP0143,tertiary,60.0,59,2.0,36.8953,2025-01-19,2025-09-30,CTR0147,1
CAT00112,RM0014,SUP0228,secondary,10.0,47,2.0,33.2612,2025-01-19,2026-05-31,CTR0243,1
CAT00113,RM0014,SUP0063,primary,30.0,15,2.0,39.4649,2025-02-01,2026-01-31,CTR0072,1
CAT00114,RM0014,SUP0143,tertiary,60.0,59,2.0,37.9162,2025-10-01,2026-09-30,CTR0148,1
CAT00115,RM0015,SUP0053,primary,65.0,35,5.0,26.8588,2022-06-01,2023-05-31,CTR0056,1
CAT00116,RM0015,SUP0208,secondary,35.0,50,5.0,31.4982,2022-11-01,2024-10-31,CTR0223,1
CAT00117,RM0015,SUP0053,primary,65.0,35,5.0,26.966,2023-06-01,2024-05-31,CTR0057,1
CAT00118,RM0015,SUP0053,primary,65.0,35,5.0,26.6964,2024-06-01,2025-05-31,CTR0058,1
CAT00119,RM0015,SUP0208,secondary,35.0,50,5.0,31.0486,2024-11-01,2026-10-31,CTR0224,1
CAT00120,RM0015,SUP0053,primary,65.0,35,5.0,26.2949,2025-06-01,2026-05-31,CTR0059,1
CAT00121,RM0016,SUP0038,secondary,20.0,31,5.0,40.6808,2022-03-01,2023-02-28,CTR0039,1
CAT00122,RM0016,SUP0208,primary,80.0,53,5.0,43.6237,2022-11-01,2024-10-31,CTR0223,1
CAT00123,RM0016,SUP0038,secondary,20.0,31,5.0,42.4279,2023-03-01,2024-02-29,CTR0040,1
CAT00124,RM0016,SUP0038,secondary,20.0,31,5.0,43.7147,2024-03-01,2025-01-18,CTR0041,1
CAT00125,RM0016,SUP0208,primary,80.0,53,5.0,43.3396,2024-11-01,2025-01-18,CTR0224,1
CAT00126,RM0016,SUP0038,primary,80.0,31,5.0,43.7147,2025-01-19,2025-02-28,CTR0041,1
CAT00127,RM0016,SUP0208,secondary,20.0,53,5.0,43.3396,2025-01-19,2026-10-31,CTR0224,1
CAT00128,RM0016,SUP0038,primary,80.0,31,5.0,42.8754,2025-03-01,2026-02-28,CTR0042,1
CAT00129,RM0017,SUP0063,primary,70.0,15,2.0,51.0869,2022-02-01,2023-01-31,CTR0069,1
CAT00130,RM0017,SUP0038,secondary,20.0,31,2.0,49.0756,2022-03-01,2023-02-28,CTR0039,1
CAT00131,RM0017,SUP0143,tertiary,10.0,59,2.0,48.0346,2022-10-01,2023-09-30,CTR0145,1
CAT00132,RM0017,SUP0063,primary,70.0,15,2.0,50.9939,2023-02-01,2024-01-31,CTR0070,1
CAT00133,RM0017,SUP0038,secondary,20.0,31,2.0,51.5999,2023-03-01,2024-02-29,CTR0040,1
CAT00134,RM0017,SUP0143,tertiary,10.0,59,2.0,50.4684,2023-10-01,2024-09-30,CTR0146,1
CAT00135,RM0017,SUP0063,primary,70.0,15,2.0,50.4082,2024-02-01,2025-01-31,CTR0071,1
CAT00136,RM0017,SUP0038,secondary,20.0,31,2.0,52.0359,2024-03-01,2025-02-28,CTR0041,1
CAT00137,RM0017,SUP0143,tertiary,10.0,59,2.0,51.4591,2024-10-01,2025-09-30,CTR0147,1
CAT00138,RM0017,SUP0063,primary,70.0,15,2.0,51.115,2025-02-01,2026-01-31,CTR0072,1
CAT00139,RM0017,SUP0038,secondary,20.0,31,2.0,54.5479,2025-03-01,2026-02-28,CTR0042,1
CAT00140,RM0017,SUP0143,tertiary,10.0,59,2.0,52.3025,2025-10-01,2026-09-30,CTR0148,1
CAT00141,RM0018,SUP0003,secondary,0.0,34,2.0,34.355,2022-04-01,2023-03-31,CTR0003,0
CAT00142,RM0018,SUP0143,primary,100.0,56,5.0,35.4905,2022-10-01,2023-09-30,CTR0145,1
CAT00143,RM0018,SUP0003,secondary,0.0,34,2.0,36.0212,2023-04-01,2024-03-31,CTR0004,0
CAT00144,RM0018,SUP0143,primary,100.0,56,5.0,36.749,2023-10-01,2024-09-30,CTR0146,1
CAT00145,RM0018,SUP0003,secondary,0.0,34,2.0,36.3674,2024-04-01,2025-03-31,CTR0005,0
CAT00146,RM0018,SUP0143,primary,100.0,56,5.0,36.1538,2024-10-01,2025-09-30,CTR0147,1
CAT00147,RM0018,SUP0003,secondary,0.0,34,2.0,37.4667,2025-04-01,2026-03-31,CTR0006,0
CAT00148,RM0018,SUP0143,primary,100.0,56,5.0,36.248,2025-10-01,2026-09-30,CTR0148,1
CAT00149,RM0019,SUP0003,primary,75.0,37,50.0,20.6622,2022-04-01,2023-03-31,CTR0003,1
CAT00150,RM0019,SUP0143,secondary,10.0,59,25.0,23.3533,2022-10-01,2023-09-30,CTR0145,1
CAT00151,RM0019,SUP0208,tertiary,15.0,53,50.0,23.6741,2022-11-01,2024-10-31,CTR0223,1
CAT00152,RM0019,SUP0003,primary,75.0,37,50.0,21.4399,2023-04-01,2024-03-31,CTR0004,1
CAT00153,RM0019,SUP0143,secondary,10.0,59,25.0,23.7637,2023-10-01,2024-09-30,CTR0146,1
CAT00154,RM0019,SUP0003,primary,75.0,37,50.0,21.6849,2024-04-01,2025-03-31,CTR0005,1
CAT00155,RM0019,SUP0143,secondary,10.0,59,25.0,23.6878,2024-10-01,2025-09-30,CTR0147,1
CAT00156,RM0019,SUP0208,tertiary,15.0,53,50.0,24.9652,2024-11-01,2026-10-31,CTR0224,1
CAT00157,RM0019,SUP0003,primary,75.0,37,50.0,22.8556,2025-04-01,2026-03-31,CTR0006,1
CAT00158,RM0019,SUP0143,secondary,10.0,59,25.0,24.1136,2025-10-01,2026-09-30,CTR0148,1
CAT00159,RM0020,SUP0063,primary,100.0,15,1.0,32.368,2022-02-01,2023-01-31,CTR0069,1
CAT00160,RM0020,SUP0063,primary,100.0,15,1.0,33.1463,2023-02-01,2024-01-31,CTR0070,1
CAT00161,RM0020,SUP0063,primary,100.0,15,1.0,33.692,2024-02-01,2025-01-31,CTR0071,1
CAT00162,RM0020,SUP0063,primary,100.0,15,1.0,34.7836,2025-02-01,2026-01-31,CTR0072,1
CAT00163,RM0021,SUP0038,primary,75.0,31,20.0,45.7492,2022-03-01,2023-02-28,CTR0039,1
CAT00164,RM0021,SUP0143,secondary,25.0,59,20.0,44.2741,2022-10-01,2023-09-30,CTR0145,1
CAT00165,RM0021,SUP0038,primary,75.0,31,20.0,45.2906,2023-03-01,2024-02-29,CTR0040,1
CAT00166,RM0021,SUP0143,secondary,25.0,59,20.0,44.8183,2023-10-01,2024-09-30,CTR0146,1
CAT00167,RM0021,SUP0038,primary,75.0,31,20.0,45.0755,2024-03-01,2025-02-28,CTR0041,1
CAT00168,RM0021,SUP0143,secondary,25.0,59,20.0,46.9499,2024-10-01,2025-09-30,CTR0147,1
CAT00169,RM0021,SUP0038,primary,75.0,31,20.0,45.1801,2025-03-01,2026-02-28,CTR0042,1
CAT00170,RM0021,SUP0143,secondary,25.0,59,20.0,48.3843,2025-10-01,2026-09-30,CTR0148,1
CAT00171,RM0022,SUP0018,primary,100.0,62,25.0,38.6582,2022-10-01,2023-09-30,CTR0019,1
CAT00172,RM0022,SUP0018,primary,100.0,62,25.0,40.5414,2023-10-01,2024-09-30,CTR0020,1
CAT00173,RM0022,SUP0018,primary,100.0,62,25.0,41.2035,2024-10-01,2025-09-30,CTR0021,1
CAT00174,RM0022,SUP0018,primary,100.0,62,25.0,42.4508,2025-10-01,2026-09-30,CTR0022,1
CAT00175,RM0023,SUP0003,primary,70.0,37,5.0,44.1927,2022-04-01,2023-03-31,CTR0003,1
CAT00176,RM0023,SUP0208,secondary,30.0,53,2.0,38.2518,2022-11-01,2024-10-31,CTR0223,1
CAT00177,RM0023,SUP0003,primary,70.0,37,5.0,44.4502,2023-04-01,2024-03-31,CTR0004,1
CAT00178,RM0023,SUP0003,primary,70.0,37,5.0,43.7184,2024-04-01,2025-03-31,CTR0005,1
CAT00179,RM0023,SUP0208,secondary,30.0,53,2.0,39.7267,2024-11-01,2026-10-31,CTR0224,1
CAT00180,RM0023,SUP0003,primary,70.0,37,5.0,45.1763,2025-04-01,2026-03-31,CTR0006,1
CAT00181,RM0024,SUP0016,primary,65.0,56,1.0,26.1548,2022-02-01,2023-01-31,CTR0011,1
CAT00182,RM0024,SUP0111,tertiary,20.0,20,1.0,27.319,2022-06-01,2024-05-31,CTR0123,1
CAT00183,RM0024,SUP0017,secondary,15.0,49,1.0,26.4083,2022-10-01,2023-09-30,CTR0015,1
CAT00184,RM0024,SUP0016,primary,65.0,56,1.0,26.6886,2023-02-01,2024-01-31,CTR0012,1
CAT00185,RM0024,SUP0017,secondary,15.0,49,1.0,26.9442,2023-10-01,2024-09-30,CTR0016,1
CAT00186,RM0024,SUP0016,primary,65.0,56,1.0,26.9613,2024-02-01,2025-01-31,CTR0013,1
CAT00187,RM0024,SUP0111,tertiary,20.0,20,1.0,27.889,2024-06-01,2026-05-31,CTR0124,1
CAT00188,RM0024,SUP0017,secondary,15.0,49,1.0,28.5409,2024-10-01,2025-09-30,CTR0017,1
CAT00189,RM0024,SUP0016,primary,65.0,56,1.0,27.7874,2025-02-01,2026-01-31,CTR0014,1
CAT00190,RM0024,SUP0017,secondary,15.0,49,1.0,28.0172,2025-10-01,2026-09-30,CTR0018,1
CAT00191,RM0025,SUP0146,tertiary,15.0,46,2.0,24.7719,2022-02-01,2024-01-31,CTR0149,1
CAT00192,RM0025,SUP0111,secondary,15.0,20,1.0,24.5548,2022-06-01,2024-05-31,CTR0123,1
CAT00193,RM0025,SUP0017,primary,70.0,49,2.0,28.4373,2022-10-01,2023-09-30,CTR0015,1
CAT00194,RM0025,SUP0017,primary,70.0,49,2.0,28.3678,2023-10-01,2024-09-30,CTR0016,1
CAT00195,RM0025,SUP0146,tertiary,15.0,46,2.0,24.6623,2024-02-01,2026-01-31,CTR0150,1
CAT00196,RM0025,SUP0111,secondary,15.0,20,1.0,25.4888,2024-06-01,2026-05-31,CTR0124,1
CAT00197,RM0025,SUP0017,primary,70.0,49,2.0,27.9545,2024-10-01,2025-09-30,CTR0017,1
CAT00198,RM0025,SUP0017,primary,70.0,49,2.0,28.3586,2025-10-01,2026-09-30,CTR0018,1
CAT00199,RM0026,SUP0141,primary,70.0,14,5.0,39.0098,2022-01-01,2023-12-31,CTR0140,1
CAT00200,RM0026,SUP0017,tertiary,15.0,49,2.5,34.3317,2022-10-01,2023-09-30,CTR0015,1
CAT00201,RM0026,SUP0192,secondary,15.0,25,5.0,34.6674,2022-11-01,2023-10-31,CTR0210,1
CAT00202,RM0026,SUP0017,tertiary,15.0,49,2.5,33.7297,2023-10-01,2024-09-30,CTR0016,1
CAT00203,RM0026,SUP0192,secondary,15.0,25,5.0,34.3145,2023-11-01,2024-10-31,CTR0211,1
CAT00204,RM0026,SUP0141,primary,70.0,14,5.0,38.8032,2024-01-01,2025-12-31,CTR0141,1
CAT00205,RM0026,SUP0017,tertiary,15.0,49,2.5,35.5369,2024-10-01,2025-09-30,CTR0017,1
CAT00206,RM0026,SUP0192,secondary,15.0,25,5.0,34.5867,2024-11-01,2025-10-31,CTR0212,1
CAT00207,RM0026,SUP0017,tertiary,15.0,49,2.5,37.3403,2025-10-01,2026-09-30,CTR0018,1
CAT00208,RM0026,SUP0192,secondary,15.0,25,5.0,35.4113,2025-11-01,2026-10-31,CTR0213,1
CAT00209,RM0027,SUP0146,primary,75.0,46,5.0,38.521,2022-02-01,2024-01-31,CTR0149,1
CAT00210,RM0027,SUP0111,secondary,20.0,20,5.0,41.8488,2022-06-01,2024-05-31,CTR0123,1
CAT00211,RM0027,SUP0192,tertiary,5.0,25,5.0,41.6881,2022-11-01,2023-10-31,CTR0210,1
CAT00212,RM0027,SUP0192,tertiary,5.0,25,5.0,42.6988,2023-11-01,2024-10-31,CTR0211,1
CAT00213,RM0027,SUP0146,primary,75.0,46,5.0,38.8887,2024-02-01,2026-01-31,CTR0150,1
CAT00214,RM0027,SUP0111,secondary,20.0,20,5.0,42.9441,2024-06-01,2026-05-31,CTR0124,1
CAT00215,RM0027,SUP0192,tertiary,5.0,25,5.0,43.9087,2024-11-01,2025-10-31,CTR0212,1
CAT00216,RM0027,SUP0192,tertiary,5.0,25,5.0,43.838,2025-11-01,2026-10-31,CTR0213,1
CAT00217,RM0028,SUP0146,primary,75.0,46,1.0,36.8184,2022-02-01,2024-01-31,CTR0149,1
CAT00218,RM0028,SUP0061,secondary,25.0,37,1.0,36.437,2022-03-01,2023-02-28,CTR0062,1
CAT00219,RM0028,SUP0061,secondary,25.0,37,1.0,38.2457,2023-03-01,2024-02-29,CTR0063,1
CAT00220,RM0028,SUP0146,primary,75.0,46,1.0,36.9145,2024-02-01,2026-01-31,CTR0150,1
CAT00221,RM0028,SUP0061,secondary,25.0,37,1.0,39.6869,2024-03-01,2025-02-28,CTR0064,1
CAT00222,RM0028,SUP0061,secondary,25.0,37,1.0,40.1686,2025-03-01,2026-02-28,CTR0065,1
CAT00223,RM0029,SUP0016,secondary,25.0,56,5.0,35.3067,2022-02-01,2023-01-31,CTR0011,1
CAT00224,RM0029,SUP0101,tertiary,15.0,12,2.5,36.1381,2022-04-01,2023-03-31,CTR0106,1
CAT00225,RM0029,SUP0157,primary,60.0,56,5.0,40.1677,2022-06-01,2023-05-31,CTR0158,1
CAT00226,RM0029,SUP0016,secondary,25.0,56,5.0,37.3024,2023-02-01,2024-01-31,CTR0012,1
CAT00227,RM0029,SUP0101,tertiary,15.0,12,2.5,38.0117,2023-04-01,2024-03-31,CTR0107,1
CAT00228,RM0029,SUP0157,primary,60.0,56,5.0,40.5996,2023-06-01,2024-05-31,CTR0159,1
CAT00229,RM0029,SUP0016,secondary,25.0,56,5.0,37.829,2024-02-01,2024-12-18,CTR0013,1
CAT00230,RM0029,SUP0101,tertiary,15.0,12,2.5,37.4193,2024-04-01,2024-12-18,CTR0108,1
CAT00231,RM0029,SUP0157,primary,60.0,56,5.0,42.9376,2024-06-01,2024-12-18,CTR0160,1
CAT00232,RM0029,SUP0016,primary,45.0,56,5.0,37.829,2024-12-19,2025-01-31,CTR0013,1
CAT00233,RM0029,SUP0101,tertiary,30.0,12,2.5,37.4193,2024-12-19,2025-03-31,CTR0108,1
CAT00234,RM0029,SUP0157,secondary,25.0,56,5.0,42.9376,2024-12-19,2025-05-31,CTR0160,1
CAT00235,RM0029,SUP0016,primary,45.0,56,5.0,37.8216,2025-02-01,2026-01-31,CTR0014,1
CAT00236,RM0029,SUP0101,tertiary,30.0,12,2.5,39.3578,2025-04-01,2026-03-31,CTR0109,1
CAT00237,RM0029,SUP0157,secondary,25.0,56,5.0,45.4421,2025-06-01,2026-05-31,CTR0161,1
CAT00238,RM0030,SUP0016,primary,100.0,56,5.0,32.163,2022-02-01,2023-01-31,CTR0011,1
CAT00239,RM0030,SUP0016,primary,100.0,56,5.0,32.8959,2023-02-01,2024-01-31,CTR0012,1
CAT00240,RM0030,SUP0016,primary,100.0,56,5.0,34.5532,2024-02-01,2025-01-31,CTR0013,1
CAT00241,RM0030,SUP0016,primary,100.0,56,5.0,36.2591,2025-02-01,2026-01-31,CTR0014,1
CAT00242,RM0031,SUP0017,primary,100.0,49,1.0,13.7051,2022-10-01,2023-09-30,CTR0015,1
CAT00243,RM0031,SUP0017,primary,100.0,49,1.0,14.4595,2023-10-01,2024-09-30,CTR0016,1
CAT00244,RM0031,SUP0017,primary,100.0,49,1.0,14.2542,2024-10-01,2025-09-30,CTR0017,1
CAT00245,RM0031,SUP0017,primary,100.0,49,1.0,14.2987,2025-10-01,2026-09-30,CTR0018,1
CAT00246,RM0032,SUP0142,primary,100.0,59,5.0,34.1276,2021-05-01,2023-04-30,CTR0142,1
CAT00247,RM0032,SUP0142,primary,100.0,59,5.0,35.7172,2023-05-01,2025-04-30,CTR0143,1
CAT00248,RM0032,SUP0142,primary,100.0,59,5.0,37.7665,2025-05-01,2027-04-30,CTR0144,1
CAT00249,RM0033,SUP0141,secondary,35.0,14,1.0,13.4139,2022-01-01,2023-12-31,CTR0140,1
CAT00250,RM0033,SUP0061,primary,65.0,37,1.0,14.154,2022-03-01,2023-02-28,CTR0062,1
CAT00251,RM0033,SUP0061,primary,65.0,37,1.0,14.0068,2023-03-01,2024-02-29,CTR0063,1
CAT00252,RM0033,SUP0141,secondary,35.0,14,1.0,13.6534,2024-01-01,2025-12-31,CTR0141,1
CAT00253,RM0033,SUP0061,primary,65.0,37,1.0,14.055,2024-03-01,2025-02-28,CTR0064,1
CAT00254,RM0033,SUP0061,primary,65.0,37,1.0,13.9524,2025-03-01,2026-02-28,CTR0065,1
CAT00255,RM0034,SUP0142,primary,90.0,59,5.0,16.5287,2021-05-01,2023-04-30,CTR0142,1
CAT00256,RM0034,SUP0101,secondary,10.0,12,5.0,16.5945,2022-04-01,2023-03-31,CTR0106,1
CAT00257,RM0034,SUP0101,secondary,10.0,12,5.0,17.1927,2023-04-01,2024-03-31,CTR0107,1
CAT00258,RM0034,SUP0142,primary,90.0,59,5.0,17.4157,2023-05-01,2025-04-30,CTR0143,1
CAT00259,RM0034,SUP0101,secondary,10.0,12,5.0,17.0632,2024-04-01,2025-03-31,CTR0108,1
CAT00260,RM0034,SUP0101,secondary,10.0,12,5.0,17.0367,2025-04-01,2026-03-31,CTR0109,1
CAT00261,RM0034,SUP0142,primary,90.0,59,5.0,18.3241,2025-05-01,2027-04-30,CTR0144,1
CAT00262,RM0035,SUP0111,tertiary,5.0,20,1.0,31.2579,2022-06-01,2024-05-31,CTR0123,1
CAT00263,RM0035,SUP0166,primary,70.0,12,1.0,34.0774,2022-10-01,2023-09-30,CTR0176,1
CAT00264,RM0035,SUP0192,secondary,25.0,25,1.0,32.1503,2022-11-01,2023-10-31,CTR0210,1
CAT00265,RM0035,SUP0166,primary,70.0,12,1.0,35.2726,2023-10-01,2024-09-30,CTR0177,1
CAT00266,RM0035,SUP0192,secondary,25.0,25,1.0,31.6153,2023-11-01,2024-10-31,CTR0211,1
CAT00267,RM0035,SUP0111,tertiary,5.0,20,1.0,31.2755,2024-06-01,2026-05-31,CTR0124,1
CAT00268,RM0035,SUP0166,primary,70.0,12,1.0,36.7093,2024-10-01,2025-09-30,CTR0178,1
CAT00269,RM0035,SUP0192,secondary,25.0,25,1.0,31.6059,2024-11-01,2025-10-31,CTR0212,1
CAT00270,RM0035,SUP0166,primary,70.0,12,1.0,37.8811,2025-10-01,2026-09-30,CTR0179,1
CAT00271,RM0035,SUP0192,secondary,25.0,25,1.0,33.4656,2025-11-01,2026-10-31,CTR0213,1
CAT00272,RM0036,SUP0016,secondary,10.0,56,2.5,30.8137,2022-02-01,2023-01-31,CTR0011,1
CAT00273,RM0036,SUP0061,primary,90.0,37,5.0,30.9673,2022-03-01,2023-02-28,CTR0062,1
CAT00274,RM0036,SUP0016,secondary,10.0,56,2.5,30.8622,2023-02-01,2024-01-31,CTR0012,1
CAT00275,RM0036,SUP0061,primary,90.0,37,5.0,32.7072,2023-03-01,2024-02-29,CTR0063,1
CAT00276,RM0036,SUP0016,secondary,10.0,56,2.5,31.6293,2024-02-01,2025-01-18,CTR0013,1
CAT00277,RM0036,SUP0061,primary,90.0,37,5.0,34.0924,2024-03-01,2025-01-18,CTR0064,1
CAT00278,RM0036,SUP0016,primary,90.0,56,2.5,31.6293,2025-01-19,2025-01-31,CTR0013,1
CAT00279,RM0036,SUP0061,secondary,10.0,37,5.0,34.0924,2025-01-19,2025-02-28,CTR0064,1
CAT00280,RM0036,SUP0016,primary,90.0,56,2.5,32.6157,2025-02-01,2026-01-31,CTR0014,1
CAT00281,RM0036,SUP0061,secondary,10.0,37,5.0,33.6435,2025-03-01,2026-02-28,CTR0065,1
CAT00282,RM0037,SUP0149,primary,60.0,9,200.0,0.0653,2021-03-01,2023-02-28,CTR0151,1
CAT00283,RM0037,SUP0034,tertiary,25.0,30,200.0,0.0612,2022-03-01,2023-02-28,CTR0035,1
CAT00284,RM0037,SUP0054,secondary,15.0,7,200.0,0.0662,2022-07-01,2024-06-30,CTR0060,1
CAT00285,RM0037,SUP0034,tertiary,25.0,30,200.0,0.0631,2023-03-01,2024-02-29,CTR0036,1
CAT00286,RM0037,SUP0149,primary,60.0,9,200.0,0.067,2023-03-01,2025-02-28,CTR0152,1
CAT00287,RM0037,SUP0034,tertiary,25.0,30,200.0,0.0653,2024-03-01,2025-02-28,CTR0037,1
CAT00288,RM0037,SUP0054,secondary,15.0,7,200.0,0.0651,2024-07-01,2026-06-30,CTR0061,1
CAT00289,RM0037,SUP0034,tertiary,25.0,30,200.0,0.0679,2025-03-01,2026-02-28,CTR0038,1
CAT00290,RM0037,SUP0149,primary,60.0,9,200.0,0.0682,2025-03-01,2027-02-28,CTR0153,1
CAT00291,RM0038,SUP0034,primary,80.0,30,100.0,0.0952,2022-03-01,2023-02-28,CTR0035,1
CAT00292,RM0038,SUP0054,secondary,20.0,7,100.0,0.1069,2022-07-01,2024-06-30,CTR0060,1
CAT00293,RM0038,SUP0034,primary,80.0,30,100.0,0.098,2023-03-01,2024-02-29,CTR0036,1
CAT00294,RM0038,SUP0034,primary,80.0,30,100.0,0.0988,2024-03-01,2024-05-15,CTR0037,1
CAT00295,RM0038,SUP0034,primary,80.0,30,100.0,0.1231,2024-05-16,2025-02-28,CTR0037,1
CAT00296,RM0038,SUP0054,secondary,20.0,7,100.0,0.1106,2024-07-01,2026-06-30,CTR0061,1
CAT00297,RM0038,SUP0034,primary,80.0,30,100.0,0.0992,2025-03-01,2026-02-28,CTR0038,1
CAT00298,RM0039,SUP0099,secondary,30.0,58,500.0,0.0945,2021-01-01,2022-12-31,CTR0103,1
CAT00299,RM0039,SUP0184,primary,70.0,42,500.0,0.0796,2022-01-01,2022-12-31,CTR0195,1
CAT00300,RM0039,SUP0099,secondary,30.0,58,500.0,0.0949,2023-01-01,2024-12-31,CTR0104,1
CAT00301,RM0039,SUP0184,primary,70.0,42,500.0,0.0823,2023-01-01,2023-12-31,CTR0196,1
CAT00302,RM0039,SUP0184,primary,70.0,42,500.0,0.0861,2024-01-01,2024-12-31,CTR0197,1
CAT00303,RM0039,SUP0099,secondary,30.0,58,500.0,0.0996,2025-01-01,2026-12-31,CTR0105,1
CAT00304,RM0039,SUP0184,primary,70.0,42,500.0,0.0864,2025-01-01,2025-12-31,CTR0198,1
CAT00305,RM0040,SUP0184,secondary,30.0,42,100.0,0.1061,2022-01-01,2022-12-31,CTR0195,1
CAT00306,RM0040,SUP0054,primary,70.0,7,100.0,0.1204,2022-07-01,2024-06-30,CTR0060,1
CAT00307,RM0040,SUP0184,secondary,30.0,42,100.0,0.1045,2023-01-01,2023-12-31,CTR0196,1
CAT00308,RM0040,SUP0184,secondary,30.0,42,100.0,0.1094,2024-01-01,2024-12-31,CTR0197,1
CAT00309,RM0040,SUP0054,primary,70.0,7,100.0,0.1191,2024-07-01,2026-06-30,CTR0061,1
CAT00310,RM0040,SUP0184,secondary,30.0,42,100.0,0.1089,2025-01-01,2025-12-31,CTR0198,1
CAT00311,RM0041,SUP0099,primary,70.0,58,500.0,0.1869,2021-01-01,2022-12-31,CTR0103,1
CAT00312,RM0041,SUP0034,secondary,30.0,30,500.0,0.1826,2022-03-01,2023-02-28,CTR0035,1
CAT00313,RM0041,SUP0099,primary,70.0,58,500.0,0.1956,2023-01-01,2024-12-31,CTR0104,1
CAT00314,RM0041,SUP0034,secondary,30.0,30,500.0,0.1923,2023-03-01,2024-02-29,CTR0036,1
CAT00315,RM0041,SUP0034,secondary,30.0,30,500.0,0.1996,2024-03-01,2025-02-28,CTR0037,1
CAT00316,RM0041,SUP0099,primary,70.0,58,500.0,0.1927,2025-01-01,2026-12-31,CTR0105,1
CAT00317,RM0041,SUP0034,secondary,30.0,30,500.0,0.1975,2025-03-01,2026-02-28,CTR0038,1
CAT00318,RM0042,SUP0099,primary,75.0,58,100.0,0.09,2021-01-01,2022-12-31,CTR0103,1
CAT00319,RM0042,SUP0149,secondary,15.0,9,200.0,0.0987,2021-03-01,2023-02-28,CTR0151,1
CAT00320,RM0042,SUP0034,tertiary,10.0,30,100.0,0.0942,2022-03-01,2023-02-28,CTR0035,1
CAT00321,RM0042,SUP0099,primary,75.0,58,100.0,0.089,2023-01-01,2024-06-09,CTR0104,1
CAT00322,RM0042,SUP0034,tertiary,10.0,30,100.0,0.099,2023-03-01,2024-02-29,CTR0036,1
CAT00323,RM0042,SUP0149,secondary,15.0,9,200.0,0.1009,2023-03-01,2025-02-28,CTR0152,1
CAT00324,RM0042,SUP0034,tertiary,10.0,30,100.0,0.0993,2024-03-01,2025-02-28,CTR0037,1
CAT00325,RM0042,SUP0099,primary,75.0,58,100.0,0.1081,2024-06-10,2024-12-31,CTR0104,1
CAT00326,RM0042,SUP0099,primary,75.0,58,100.0,0.088,2025-01-01,2026-12-31,CTR0105,1
CAT00327,RM0042,SUP0034,tertiary,10.0,30,100.0,0.0982,2025-03-01,2026-02-28,CTR0038,1
CAT00328,RM0042,SUP0149,secondary,15.0,9,200.0,0.1009,2025-03-01,2027-02-28,CTR0153,1
CAT00329,RM0043,SUP0099,tertiary,30.0,58,500.0,0.1812,2021-01-01,2022-12-31,CTR0103,1
CAT00330,RM0043,SUP0134,primary,60.0,40,500.0,0.2101,2022-01-01,2023-12-31,CTR0136,1
CAT00331,RM0043,SUP0184,secondary,10.0,42,500.0,0.2125,2022-01-01,2022-12-31,CTR0195,1
CAT00332,RM0043,SUP0099,tertiary,30.0,58,500.0,0.1812,2023-01-01,2024-12-31,CTR0104,1
CAT00333,RM0043,SUP0184,secondary,10.0,42,500.0,0.2136,2023-01-01,2023-12-31,CTR0196,1
CAT00334,RM0043,SUP0134,primary,60.0,40,500.0,0.2155,2024-01-01,2025-12-31,CTR0137,1
CAT00335,RM0043,SUP0184,secondary,10.0,42,500.0,0.2196,2024-01-01,2024-12-31,CTR0197,1
CAT00336,RM0043,SUP0099,tertiary,30.0,58,500.0,0.1819,2025-01-01,2026-12-31,CTR0105,1
CAT00337,RM0043,SUP0184,secondary,10.0,42,500.0,0.2245,2025-01-01,2025-12-31,CTR0198,1
CAT00338,RM0044,SUP0099,secondary,25.0,58,100.0,0.0709,2021-01-01,2022-12-31,CTR0103,1
CAT00339,RM0044,SUP0134,primary,75.0,40,200.0,0.0796,2022-01-01,2023-12-31,CTR0136,1
CAT00340,RM0044,SUP0099,secondary,25.0,58,100.0,0.0736,2023-01-01,2024-12-31,CTR0104,1
CAT00341,RM0044,SUP0134,primary,75.0,40,200.0,0.0787,2024-01-01,2025-12-31,CTR0137,1
CAT00342,RM0044,SUP0099,secondary,25.0,58,100.0,0.0769,2025-01-01,2026-12-31,CTR0105,1
CAT00343,RM0045,SUP0158,primary,80.0,47,5.0,24.6346,2022-04-01,2024-03-31,CTR0162,1
CAT00344,RM0045,SUP0053,secondary,20.0,35,5.0,25.3047,2022-06-01,2023-05-31,CTR0056,1
CAT00345,RM0045,SUP0053,secondary,20.0,35,5.0,25.9221,2023-06-01,2024-05-31,CTR0057,1
CAT00346,RM0045,SUP0158,primary,80.0,47,5.0,26.0081,2024-04-01,2026-03-31,CTR0163,1
CAT00347,RM0045,SUP0053,secondary,20.0,35,5.0,25.6525,2024-06-01,2025-05-31,CTR0058,1
CAT00348,RM0045,SUP0053,secondary,20.0,35,5.0,25.2463,2025-06-01,2026-05-31,CTR0059,1
CAT00349,RM0046,SUP0153,secondary,0.0,12,20.0,10.993,2022-05-01,2023-04-30,CTR0154,0
CAT00350,RM0046,SUP0223,primary,100.0,51,20.0,11.9348,2022-11-01,2023-08-31,CTR0232,1
CAT00351,RM0046,SUP0153,secondary,0.0,12,20.0,11.4626,2023-05-01,2024-04-30,CTR0155,0
CAT00352,RM0046,SUP0223,primary,100.0,51,20.0,14.9894,2023-09-01,2023-10-31,CTR0232,1
CAT00353,RM0046,SUP0223,primary,100.0,51,20.0,11.6966,2023-11-01,2024-09-05,CTR0233,1
CAT00354,RM0046,SUP0153,secondary,0.0,12,20.0,11.77,2024-05-01,2025-04-30,CTR0156,0
CAT00355,RM0046,SUP0223,primary,100.0,51,20.0,14.6546,2024-09-06,2024-10-31,CTR0233,1
CAT00356,RM0046,SUP0223,primary,100.0,51,20.0,12.124,2024-11-01,2025-07-08,CTR0234,1
CAT00357,RM0046,SUP0153,secondary,0.0,12,20.0,12.4093,2025-05-01,2026-04-30,CTR0157,0
CAT00358,RM0046,SUP0223,primary,100.0,51,20.0,15.537,2025-07-09,2025-10-31,CTR0234,1
CAT00359,RM0046,SUP0223,primary,100.0,51,20.0,12.0254,2025-11-01,2026-10-31,CTR0235,1
CAT00360,RM0047,SUP0068,primary,65.0,8,5.0,43.4929,2022-02-01,2023-01-31,CTR0075,1
CAT00361,RM0047,SUP0153,secondary,15.0,12,2.0,44.5467,2022-05-01,2023-04-30,CTR0154,1
CAT00362,RM0047,SUP0188,tertiary,20.0,13,5.0,47.4301,2022-07-01,2023-06-30,CTR0203,1
CAT00363,RM0047,SUP0068,primary,65.0,8,5.0,44.2708,2023-02-01,2024-01-31,CTR0076,1
CAT00364,RM0047,SUP0153,secondary,15.0,12,2.0,44.6928,2023-05-01,2024-04-30,CTR0155,1
CAT00365,RM0047,SUP0188,tertiary,20.0,13,5.0,47.6477,2023-07-01,2024-06-30,CTR0204,1
CAT00366,RM0047,SUP0068,primary,65.0,8,5.0,46.8034,2024-02-01,2025-01-31,CTR0077,1
CAT00367,RM0047,SUP0153,secondary,15.0,12,2.0,47.3579,2024-05-01,2025-04-30,CTR0156,1
CAT00368,RM0047,SUP0188,tertiary,20.0,13,5.0,47.824,2024-07-01,2025-06-30,CTR0205,1
CAT00369,RM0047,SUP0068,primary,65.0,8,5.0,46.7906,2025-02-01,2026-01-31,CTR0078,1
CAT00370,RM0047,SUP0153,secondary,15.0,12,2.0,47.6682,2025-05-01,2026-04-30,CTR0157,1
CAT00371,RM0047,SUP0188,tertiary,20.0,13,5.0,48.332,2025-07-01,2026-06-30,CTR0206,1
CAT00372,RM0048,SUP0128,primary,80.0,45,2.0,35.6218,2022-04-01,2023-03-31,CTR0128,1
CAT00373,RM0048,SUP0158,secondary,20.0,47,2.0,36.4471,2022-04-01,2024-03-31,CTR0162,1
CAT00374,RM0048,SUP0128,primary,80.0,45,2.0,35.4758,2023-04-01,2024-03-31,CTR0129,1
CAT00375,RM0048,SUP0128,primary,80.0,45,2.0,36.7103,2024-04-01,2025-03-31,CTR0130,1
CAT00376,RM0048,SUP0158,secondary,20.0,47,2.0,37.644,2024-04-01,2026-03-31,CTR0163,1
CAT00377,RM0048,SUP0128,primary,80.0,45,2.0,36.4034,2025-04-01,2026-03-31,CTR0131,1
CAT00378,RM0049,SUP0068,primary,85.0,8,5.0,13.5543,2022-02-01,2023-01-31,CTR0075,1
CAT00379,RM0049,SUP0128,secondary,15.0,45,5.0,13.2845,2022-04-01,2023-03-31,CTR0128,1
CAT00380,RM0049,SUP0068,primary,85.0,8,5.0,14.1228,2023-02-01,2024-01-31,CTR0076,1
CAT00381,RM0049,SUP0128,secondary,15.0,45,5.0,13.5098,2023-04-01,2024-03-31,CTR0129,1
CAT00382,RM0049,SUP0068,primary,85.0,8,5.0,14.6925,2024-02-01,2025-01-31,CTR0077,1
CAT00383,RM0049,SUP0128,secondary,15.0,45,5.0,13.7849,2024-04-01,2025-03-31,CTR0130,1
CAT00384,RM0049,SUP0068,primary,85.0,8,5.0,14.5501,2025-02-01,2026-01-31,CTR0078,1
CAT00385,RM0049,SUP0128,secondary,15.0,45,5.0,13.7002,2025-04-01,2026-03-31,CTR0131,1
CAT00386,RM0050,SUP0128,secondary,0.0,48,25.0,45.0551,2022-04-01,2023-03-31,CTR0128,0
CAT00387,RM0050,SUP0188,primary,100.0,16,20.0,46.1513,2022-07-01,2023-06-30,CTR0203,1
CAT00388,RM0050,SUP0128,secondary,0.0,48,25.0,44.2118,2023-04-01,2024-03-31,CTR0129,0
CAT00389,RM0050,SUP0188,primary,100.0,16,20.0,48.741,2023-07-01,2024-06-30,CTR0204,1
CAT00390,RM0050,SUP0128,secondary,0.0,48,25.0,46.136,2024-04-01,2025-03-31,CTR0130,0
CAT00391,RM0050,SUP0188,primary,100.0,16,20.0,48.0806,2024-07-01,2025-06-30,CTR0205,1
CAT00392,RM0050,SUP0128,secondary,0.0,48,25.0,46.8607,2025-04-01,2026-03-31,CTR0131,0
CAT00393,RM0050,SUP0188,primary,100.0,16,20.0,48.1456,2025-07-01,2026-06-30,CTR0206,1
CAT00394,RM0051,SUP0068,secondary,15.0,11,20.0,30.3452,2022-02-01,2023-01-31,CTR0075,1
CAT00395,RM0051,SUP0153,tertiary,5.0,15,20.0,28.7919,2022-05-01,2023-04-30,CTR0154,1
CAT00396,RM0051,SUP0053,primary,80.0,38,20.0,33.8031,2022-06-01,2023-05-31,CTR0056,1
CAT00397,RM0051,SUP0068,secondary,15.0,11,20.0,32.1595,2023-02-01,2024-01-31,CTR0076,1
CAT00398,RM0051,SUP0153,tertiary,5.0,15,20.0,28.7054,2023-05-01,2024-04-30,CTR0155,1
CAT00399,RM0051,SUP0053,primary,80.0,38,20.0,35.6941,2023-06-01,2024-05-31,CTR0057,1
CAT00400,RM0051,SUP0068,secondary,15.0,11,20.0,33.2997,2024-02-01,2025-01-31,CTR0077,1
CAT00401,RM0051,SUP0153,tertiary,5.0,15,20.0,28.2455,2024-05-01,2025-04-30,CTR0156,1
CAT00402,RM0051,SUP0053,primary,80.0,38,20.0,36.198,2024-06-01,2025-05-31,CTR0058,1
CAT00403,RM0051,SUP0068,secondary,15.0,11,20.0,33.3898,2025-02-01,2026-01-31,CTR0078,1
CAT00404,RM0051,SUP0153,tertiary,5.0,15,20.0,29.3865,2025-05-01,2026-04-30,CTR0157,1
CAT00405,RM0051,SUP0053,primary,80.0,38,20.0,35.9389,2025-06-01,2026-05-31,CTR0059,1
CAT00406,RM0052,SUP0128,primary,80.0,45,2.5,31.5792,2022-04-01,2023-03-31,CTR0128,1
CAT00407,RM0052,SUP0053,secondary,20.0,35,2.0,34.7959,2022-06-01,2023-05-31,CTR0056,1
CAT00408,RM0052,SUP0128,primary,80.0,45,2.5,33.2002,2023-04-01,2024-03-31,CTR0129,1
CAT00409,RM0052,SUP0053,secondary,20.0,35,2.0,36.1045,2023-06-01,2024-05-31,CTR0057,1
CAT00410,RM0052,SUP0128,primary,80.0,45,2.5,34.8722,2024-04-01,2025-03-31,CTR0130,1
CAT00411,RM0052,SUP0053,secondary,20.0,35,2.0,36.2304,2024-06-01,2025-05-31,CTR0058,1
CAT00412,RM0052,SUP0128,primary,80.0,45,2.5,34.2375,2025-04-01,2026-03-31,CTR0131,1
CAT00413,RM0052,SUP0053,secondary,20.0,35,2.0,36.1547,2025-06-01,2026-05-31,CTR0059,1
CAT00414,RM0053,SUP0039,secondary,35.0,7,20.0,2.1381,2022-05-01,2023-04-30,CTR0043,1
CAT00415,RM0053,SUP0139,primary,65.0,15,20.0,2.0858,2022-09-01,2024-08-31,CTR0138,1
CAT00416,RM0053,SUP0039,secondary,35.0,7,20.0,2.1385,2023-05-01,2024-04-30,CTR0044,1
CAT00417,RM0053,SUP0039,secondary,35.0,7,20.0,2.2468,2024-05-01,2025-04-30,CTR0045,1
CAT00418,RM0053,SUP0139,primary,65.0,15,20.0,2.1271,2024-09-01,2026-08-31,CTR0139,1
CAT00419,RM0053,SUP0039,secondary,35.0,7,20.0,2.33,2025-05-01,2026-04-30,CTR0046,1
CAT00420,RM0054,SUP0039,primary,75.0,7,50.0,2.0667,2022-05-01,2023-04-30,CTR0043,1
CAT00421,RM0054,SUP0129,secondary,25.0,51,25.0,2.2395,2022-10-01,2023-09-30,CTR0132,1
CAT00422,RM0054,SUP0039,primary,75.0,7,50.0,2.1565,2023-05-01,2024-04-30,CTR0044,1
CAT00423,RM0054,SUP0129,secondary,25.0,51,25.0,2.3655,2023-10-01,2024-09-30,CTR0133,1
CAT00424,RM0054,SUP0039,primary,75.0,7,50.0,2.1433,2024-05-01,2025-04-30,CTR0045,1
CAT00425,RM0054,SUP0129,secondary,25.0,51,25.0,2.4154,2024-10-01,2025-09-30,CTR0134,1
CAT00426,RM0054,SUP0039,primary,75.0,7,50.0,2.2127,2025-05-01,2026-04-30,CTR0046,1
CAT00427,RM0054,SUP0129,secondary,25.0,51,25.0,2.481,2025-10-01,2026-09-30,CTR0135,1
CAT00428,RM0055,SUP0159,secondary,0.0,32,50.0,2.4396,2022-01-01,2022-12-31,CTR0164,0
CAT00429,RM0055,SUP0179,primary,100.0,28,50.0,2.5481,2022-06-01,2023-05-31,CTR0187,1
CAT00430,RM0055,SUP0159,secondary,0.0,32,50.0,2.5381,2023-01-01,2023-12-31,CTR0165,0
CAT00431,RM0055,SUP0179,primary,100.0,28,50.0,2.6775,2023-06-01,2024-05-31,CTR0188,1
CAT00432,RM0055,SUP0159,secondary,0.0,32,50.0,2.5634,2024-01-01,2024-12-31,CTR0166,0
CAT00433,RM0055,SUP0179,primary,100.0,28,50.0,2.7366,2024-06-01,2025-05-31,CTR0189,1
CAT00434,RM0055,SUP0159,secondary,0.0,32,50.0,2.5198,2025-01-01,2025-12-31,CTR0167,0
CAT00435,RM0055,SUP0179,primary,100.0,28,50.0,2.8992,2025-06-01,2026-05-31,CTR0190,1
CAT00436,RM0056,SUP0089,primary,85.0,26,20.0,2.2852,2021-02-01,2023-01-31,CTR0090,1
CAT00437,RM0056,SUP0129,secondary,15.0,51,20.0,2.131,2022-10-01,2023-09-30,CTR0132,1
CAT00438,RM0056,SUP0089,primary,85.0,26,20.0,2.3246,2023-02-01,2025-01-31,CTR0091,1
CAT00439,RM0056,SUP0129,secondary,15.0,51,20.0,2.1717,2023-10-01,2024-09-30,CTR0133,1
CAT00440,RM0056,SUP0129,secondary,15.0,51,20.0,2.2862,2024-10-01,2025-09-30,CTR0134,1
CAT00441,RM0056,SUP0089,primary,85.0,26,20.0,2.3193,2025-02-01,2027-01-31,CTR0092,1
CAT00442,RM0056,SUP0129,secondary,15.0,51,20.0,2.3337,2025-10-01,2026-09-30,CTR0135,1
CAT00443,RM0057,SUP0039,primary,80.0,7,10.0,1.9297,2022-05-01,2023-04-30,CTR0043,1
CAT00444,RM0057,SUP0179,secondary,20.0,28,10.0,2.2519,2022-06-01,2023-05-31,CTR0187,1
CAT00445,RM0057,SUP0039,primary,80.0,7,10.0,1.9913,2023-05-01,2024-04-30,CTR0044,1
CAT00446,RM0057,SUP0179,secondary,20.0,28,10.0,2.2876,2023-06-01,2024-05-31,CTR0188,1
CAT00447,RM0057,SUP0039,primary,80.0,7,10.0,2.0891,2024-05-01,2025-04-30,CTR0045,1
CAT00448,RM0057,SUP0179,secondary,20.0,28,10.0,2.3306,2024-06-01,2025-05-31,CTR0189,1
CAT00449,RM0057,SUP0039,primary,80.0,7,10.0,2.0752,2025-05-01,2026-04-30,CTR0046,1
CAT00450,RM0057,SUP0179,secondary,20.0,28,10.0,2.4103,2025-06-01,2026-05-31,CTR0190,1
CAT00451,RM0058,SUP0179,primary,90.0,28,50.0,2.6366,2022-06-01,2023-05-31,CTR0187,1
CAT00452,RM0058,SUP0139,secondary,10.0,15,20.0,2.9362,2022-09-01,2024-08-31,CTR0138,1
CAT00453,RM0058,SUP0179,primary,90.0,28,50.0,2.6645,2023-06-01,2024-05-31,CTR0188,1
CAT00454,RM0058,SUP0179,primary,90.0,28,50.0,2.8119,2024-06-01,2025-05-31,CTR0189,1
CAT00455,RM0058,SUP0139,secondary,10.0,15,20.0,2.9953,2024-09-01,2026-08-31,CTR0139,1
CAT00456,RM0058,SUP0179,primary,90.0,28,50.0,2.8657,2025-06-01,2026-05-31,CTR0190,1
CAT00457,RM0059,SUP0179,primary,85.0,28,20.0,1.9208,2022-06-01,2023-05-31,CTR0187,1
CAT00458,RM0059,SUP0129,secondary,15.0,51,20.0,2.1743,2022-10-01,2023-09-30,CTR0132,1
CAT00459,RM0059,SUP0179,primary,85.0,28,20.0,1.9422,2023-06-01,2024-05-31,CTR0188,1
CAT00460,RM0059,SUP0129,secondary,15.0,51,20.0,2.2754,2023-10-01,2024-09-30,CTR0133,1
CAT00461,RM0059,SUP0179,primary,85.0,28,20.0,1.9681,2024-06-01,2025-05-31,CTR0189,1
CAT00462,RM0059,SUP0129,secondary,15.0,51,20.0,2.2568,2024-10-01,2025-09-30,CTR0134,1
CAT00463,RM0059,SUP0179,primary,85.0,28,20.0,1.9335,2025-06-01,2026-05-31,CTR0190,1
CAT00464,RM0059,SUP0129,secondary,15.0,51,20.0,2.3852,2025-10-01,2026-09-30,CTR0135,1
CAT00465,RM0060,SUP0087,primary,80.0,21,100.0,1.1404,2022-07-01,2023-06-30,CTR0082,1
CAT00466,RM0060,SUP0182,secondary,20.0,41,100.0,1.2911,2022-09-01,2023-08-31,CTR0191,1
CAT00467,RM0060,SUP0087,primary,80.0,21,100.0,1.2059,2023-07-01,2024-06-30,CTR0083,1
CAT00468,RM0060,SUP0182,secondary,20.0,41,100.0,1.3192,2023-09-01,2024-08-31,CTR0192,1
CAT00469,RM0060,SUP0087,primary,80.0,21,100.0,1.2573,2024-07-01,2025-06-30,CTR0084,1
CAT00470,RM0060,SUP0182,secondary,20.0,41,100.0,1.2956,2024-09-01,2025-08-31,CTR0193,1
CAT00471,RM0060,SUP0087,primary,80.0,21,100.0,1.2383,2025-07-01,2026-06-30,CTR0085,1
CAT00472,RM0060,SUP0182,secondary,20.0,41,100.0,1.298,2025-09-01,2026-08-31,CTR0194,1
CAT00473,RM0061,SUP0032,secondary,10.0,26,100.0,1.6822,2022-02-01,2024-01-31,CTR0033,1
CAT00474,RM0061,SUP0182,primary,90.0,41,200.0,1.5772,2022-09-01,2023-08-31,CTR0191,1
CAT00475,RM0061,SUP0182,primary,90.0,41,200.0,1.5703,2023-09-01,2024-08-31,CTR0192,1
CAT00476,RM0061,SUP0032,secondary,10.0,26,100.0,1.7253,2024-02-01,2026-01-31,CTR0034,1
CAT00477,RM0061,SUP0182,primary,90.0,41,200.0,1.5487,2024-09-01,2025-08-31,CTR0193,1
CAT00478,RM0061,SUP0182,primary,90.0,41,200.0,1.6358,2025-09-01,2026-08-31,CTR0194,1
CAT00479,RM0062,SUP0182,secondary,10.0,41,50.0,1.71,2022-09-01,2023-08-31,CTR0191,1
CAT00480,RM0062,SUP0207,primary,90.0,11,25.0,1.8211,2022-10-01,2024-09-30,CTR0221,1
CAT00481,RM0062,SUP0182,secondary,10.0,41,50.0,1.6767,2023-09-01,2024-08-31,CTR0192,1
CAT00482,RM0062,SUP0182,secondary,10.0,41,50.0,1.7075,2024-09-01,2025-08-31,CTR0193,1
CAT00483,RM0062,SUP0207,primary,90.0,11,25.0,1.8546,2024-10-01,2026-09-30,CTR0222,1
CAT00484,RM0062,SUP0182,secondary,10.0,41,50.0,1.7559,2025-09-01,2026-08-31,CTR0194,1
CAT00485,RM0063,SUP0032,primary,75.0,26,50.0,1.6714,2022-02-01,2024-01-31,CTR0033,1
CAT00486,RM0063,SUP0182,secondary,25.0,41,50.0,1.636,2022-09-01,2023-08-31,CTR0191,1
CAT00487,RM0063,SUP0182,secondary,25.0,41,50.0,1.711,2023-09-01,2024-08-31,CTR0192,1
CAT00488,RM0063,SUP0032,primary,75.0,26,50.0,1.6789,2024-02-01,2026-01-31,CTR0034,1
CAT00489,RM0063,SUP0182,secondary,25.0,41,50.0,1.8024,2024-09-01,2025-08-31,CTR0193,1
CAT00490,RM0063,SUP0182,secondary,25.0,41,50.0,1.8435,2025-09-01,2026-08-31,CTR0194,1
CAT00491,RM0064,SUP0248,secondary,10.0,43,100.0,2.7612,2022-01-01,2022-12-31,CTR0262,1
CAT00492,RM0064,SUP0243,primary,90.0,27,100.0,2.5193,2022-04-01,2023-03-31,CTR0256,1
CAT00493,RM0064,SUP0248,secondary,10.0,43,100.0,2.8742,2023-01-01,2023-12-31,CTR0263,1
CAT00494,RM0064,SUP0243,primary,90.0,27,100.0,2.5476,2023-04-01,2024-03-31,CTR0257,1
CAT00495,RM0064,SUP0248,secondary,10.0,43,100.0,2.976,2024-01-01,2024-12-31,CTR0264,1
CAT00496,RM0064,SUP0243,primary,90.0,27,100.0,2.628,2024-04-01,2025-03-31,CTR0258,1
CAT00497,RM0064,SUP0248,secondary,10.0,43,100.0,3.0621,2025-01-01,2025-12-31,CTR0265,1
CAT00498,RM0064,SUP0243,primary,90.0,27,100.0,2.6643,2025-04-01,2026-03-31,CTR0259,1
CAT00499,RM0065,SUP0104,primary,100.0,5,500.0,1.9266,2022-08-01,2023-07-31,CTR0114,1
CAT00500,RM0065,SUP0104,primary,100.0,5,500.0,1.994,2023-08-01,2024-07-31,CTR0115,1
CAT00501,RM0065,SUP0104,primary,100.0,5,500.0,2.1017,2024-08-01,2025-07-31,CTR0116,1
CAT00502,RM0065,SUP0104,primary,100.0,5,500.0,2.1522,2025-08-01,2026-07-31,CTR0117,1
CAT00503,RM0066,SUP0248,tertiary,20.0,43,250.0,2.3739,2022-01-01,2022-12-31,CTR0262,1
CAT00504,RM0066,SUP0243,secondary,10.0,27,200.0,2.3721,2022-04-01,2023-03-31,CTR0256,1
CAT00505,RM0066,SUP0104,primary,70.0,5,200.0,2.2353,2022-08-01,2023-07-31,CTR0114,1
CAT00506,RM0066,SUP0248,tertiary,20.0,43,250.0,2.4581,2023-01-01,2023-12-31,CTR0263,1
CAT00507,RM0066,SUP0243,secondary,10.0,27,200.0,2.4915,2023-04-01,2024-03-31,CTR0257,1
CAT00508,RM0066,SUP0104,primary,70.0,5,200.0,2.1964,2023-08-01,2024-07-31,CTR0115,1
CAT00509,RM0066,SUP0248,tertiary,20.0,43,250.0,2.4255,2024-01-01,2024-12-31,CTR0264,1
CAT00510,RM0066,SUP0243,secondary,10.0,27,200.0,2.5909,2024-04-01,2025-03-31,CTR0258,1
CAT00511,RM0066,SUP0104,primary,70.0,5,200.0,2.3278,2024-08-01,2025-07-31,CTR0116,1
CAT00512,RM0066,SUP0248,tertiary,20.0,43,250.0,2.4197,2025-01-01,2025-12-31,CTR0265,1
CAT00513,RM0066,SUP0243,secondary,10.0,27,200.0,2.6416,2025-04-01,2026-03-31,CTR0259,1
CAT00514,RM0066,SUP0104,primary,70.0,5,200.0,2.4339,2025-08-01,2026-07-31,CTR0117,1
CAT00515,RM0067,SUP0248,primary,90.0,43,500.0,2.8859,2022-01-01,2022-12-31,CTR0262,1
CAT00516,RM0067,SUP0243,secondary,10.0,27,500.0,2.6809,2022-04-01,2023-03-31,CTR0256,1
CAT00517,RM0067,SUP0248,primary,90.0,43,500.0,2.9813,2023-01-01,2023-12-31,CTR0263,1
CAT00518,RM0067,SUP0243,secondary,10.0,27,500.0,2.7632,2023-04-01,2024-03-31,CTR0257,1
CAT00519,RM0067,SUP0248,primary,90.0,43,500.0,3.0186,2024-01-01,2024-12-31,CTR0264,1
CAT00520,RM0067,SUP0243,secondary,10.0,27,500.0,2.8877,2024-04-01,2025-03-31,CTR0258,1
CAT00521,RM0067,SUP0248,primary,90.0,43,500.0,3.1754,2025-01-01,2025-12-31,CTR0265,1
CAT00522,RM0067,SUP0243,secondary,10.0,27,500.0,3.0167,2025-04-01,2026-03-31,CTR0259,1
CAT00523,RM0068,SUP0029,secondary,15.0,30,500.0,0.7494,2022-04-01,2023-03-31,CTR0029,1
CAT00524,RM0068,SUP0249,primary,85.0,58,250.0,0.7779,2022-05-01,2023-04-30,CTR0266,1
CAT00525,RM0068,SUP0029,secondary,15.0,30,500.0,0.7565,2023-04-01,2024-03-31,CTR0030,1
CAT00526,RM0068,SUP0249,primary,85.0,58,250.0,0.7935,2023-05-01,2024-04-30,CTR0267,1
CAT00527,RM0068,SUP0029,secondary,15.0,30,500.0,0.7831,2024-04-01,2025-03-31,CTR0031,1
CAT00528,RM0068,SUP0249,primary,85.0,58,250.0,0.7932,2024-05-01,2025-04-30,CTR0268,1
CAT00529,RM0068,SUP0029,secondary,15.0,30,500.0,0.7745,2025-04-01,2026-03-31,CTR0032,1
CAT00530,RM0068,SUP0249,primary,85.0,58,250.0,0.8298,2025-05-01,2026-04-30,CTR0269,1
CAT00531,RM0069,SUP0029,secondary,15.0,30,100.0,0.8645,2022-04-01,2023-03-31,CTR0029,1
CAT00532,RM0069,SUP0234,tertiary,20.0,42,200.0,0.8656,2022-04-01,2023-03-31,CTR0248,1
CAT00533,RM0069,SUP0249,primary,65.0,58,200.0,0.9124,2022-05-01,2023-04-30,CTR0266,1
CAT00534,RM0069,SUP0029,secondary,15.0,30,100.0,0.9004,2023-04-01,2024-03-31,CTR0030,1
CAT00535,RM0069,SUP0234,tertiary,20.0,42,200.0,0.8751,2023-04-01,2024-03-31,CTR0249,1
CAT00536,RM0069,SUP0249,primary,65.0,58,200.0,0.9007,2023-05-01,2024-04-30,CTR0267,1
CAT00537,RM0069,SUP0029,secondary,15.0,30,100.0,0.9242,2024-04-01,2025-03-31,CTR0031,1
CAT00538,RM0069,SUP0234,tertiary,20.0,42,200.0,0.866,2024-04-01,2025-03-31,CTR0250,1
CAT00539,RM0069,SUP0249,primary,65.0,58,200.0,0.9127,2024-05-01,2025-04-30,CTR0268,1
CAT00540,RM0069,SUP0029,secondary,15.0,30,100.0,0.9105,2025-04-01,2026-03-31,CTR0032,1
CAT00541,RM0069,SUP0234,tertiary,20.0,42,200.0,0.8782,2025-04-01,2026-03-31,CTR0251,1
CAT00542,RM0069,SUP0249,primary,65.0,58,200.0,0.9665,2025-05-01,2026-04-30,CTR0269,1
CAT00543,RM0070,SUP0219,primary,80.0,29,500.0,0.6846,2021-07-01,2023-06-30,CTR0229,1
CAT00544,RM0070,SUP0029,secondary,15.0,30,500.0,0.6577,2022-04-01,2023-03-31,CTR0029,1
CAT00545,RM0070,SUP0234,tertiary,5.0,42,500.0,0.6547,2022-04-01,2023-03-31,CTR0248,1
CAT00546,RM0070,SUP0029,secondary,15.0,30,500.0,0.6505,2023-04-01,2024-03-31,CTR0030,1
CAT00547,RM0070,SUP0234,tertiary,5.0,42,500.0,0.6782,2023-04-01,2024-03-31,CTR0249,1
CAT00548,RM0070,SUP0219,primary,80.0,29,500.0,0.7155,2023-07-01,2025-06-30,CTR0230,1
CAT00549,RM0070,SUP0029,secondary,15.0,30,500.0,0.6504,2024-04-01,2025-03-31,CTR0031,1
CAT00550,RM0070,SUP0234,tertiary,5.0,42,500.0,0.6823,2024-04-01,2025-03-31,CTR0250,1
CAT00551,RM0070,SUP0029,secondary,15.0,30,500.0,0.6712,2025-04-01,2026-03-31,CTR0032,1
CAT00552,RM0070,SUP0234,tertiary,5.0,42,500.0,0.7129,2025-04-01,2026-03-31,CTR0251,1
CAT00553,RM0070,SUP0219,primary,80.0,29,500.0,0.7267,2025-07-01,2027-06-30,CTR0231,1
CAT00554,RM0071,SUP0234,primary,100.0,42,200.0,0.9145,2022-04-01,2023-03-31,CTR0248,1
CAT00555,RM0071,SUP0249,secondary,0.0,58,200.0,0.8454,2022-05-01,2023-04-30,CTR0266,0
CAT00556,RM0071,SUP0234,primary,100.0,42,200.0,0.9606,2023-04-01,2024-03-31,CTR0249,1
CAT00557,RM0071,SUP0249,secondary,0.0,58,200.0,0.891,2023-05-01,2024-04-30,CTR0267,0
CAT00558,RM0071,SUP0234,primary,100.0,42,200.0,0.9751,2024-04-01,2025-03-31,CTR0250,1
CAT00559,RM0071,SUP0249,secondary,0.0,58,200.0,0.9112,2024-05-01,2025-04-30,CTR0268,0
CAT00560,RM0071,SUP0234,primary,100.0,42,200.0,0.9641,2025-04-01,2026-03-31,CTR0251,1
CAT00561,RM0071,SUP0249,secondary,0.0,58,200.0,0.9396,2025-05-01,2026-04-30,CTR0269,0
CAT00562,RM0072,SUP0062,secondary,0.0,53,2.0,8.7964,2021-04-01,2023-03-31,CTR0066,0
CAT00563,RM0072,SUP0247,primary,100.0,42,2.0,8.0446,2022-10-01,2024-09-30,CTR0260,1
CAT00564,RM0072,SUP0062,secondary,0.0,53,2.0,9.1999,2023-04-01,2025-03-31,CTR0067,0
CAT00565,RM0072,SUP0247,primary,100.0,42,2.0,7.8865,2024-10-01,2026-09-30,CTR0261,1
CAT00566,RM0072,SUP0062,secondary,0.0,53,2.0,9.659,2025-04-01,2027-03-31,CTR0068,0
CAT00567,RM0073,SUP0062,secondary,15.0,53,1.0,7.2032,2021-04-01,2023-03-31,CTR0066,1
CAT00568,RM0073,SUP0142,tertiary,20.0,59,1.0,6.853,2021-05-01,2023-04-30,CTR0142,1
CAT00569,RM0073,SUP0232,primary,65.0,11,1.0,8.0062,2022-02-01,2023-01-31,CTR0244,1
CAT00570,RM0073,SUP0232,primary,65.0,11,1.0,7.9978,2023-02-01,2024-01-31,CTR0245,1
CAT00571,RM0073,SUP0062,secondary,15.0,53,1.0,7.162,2023-04-01,2025-03-31,CTR0067,1
CAT00572,RM0073,SUP0142,tertiary,20.0,59,1.0,6.8142,2023-05-01,2025-04-30,CTR0143,1
CAT00573,RM0073,SUP0232,primary,65.0,11,1.0,8.281,2024-02-01,2025-01-31,CTR0246,1
CAT00574,RM0073,SUP0232,primary,65.0,11,1.0,8.6823,2025-02-01,2026-01-31,CTR0247,1
CAT00575,RM0073,SUP0062,secondary,15.0,53,1.0,7.532,2025-04-01,2027-03-31,CTR0068,1
CAT00576,RM0073,SUP0142,tertiary,20.0,59,1.0,6.9859,2025-05-01,2027-04-30,CTR0144,1
CAT00577,RM0074,SUP0062,secondary,20.0,53,1.0,16.2736,2021-04-01,2023-03-31,CTR0066,1
CAT00578,RM0074,SUP0247,primary,80.0,42,1.0,15.2261,2022-10-01,2024-09-30,CTR0260,1
CAT00579,RM0074,SUP0062,secondary,20.0,53,1.0,16.7599,2023-04-01,2025-03-31,CTR0067,1
CAT00580,RM0074,SUP0247,primary,80.0,42,1.0,15.4386,2024-10-01,2026-09-30,CTR0261,1
CAT00581,RM0074,SUP0062,secondary,20.0,53,1.0,16.4489,2025-04-01,2027-03-31,CTR0068,1
CAT00582,RM0075,SUP0247,primary,100.0,45,1.0,7.0418,2022-10-01,2024-09-30,CTR0260,1
CAT00583,RM0075,SUP0247,primary,100.0,45,1.0,7.2242,2024-10-01,2026-09-30,CTR0261,1
CAT00584,RM0076,SUP0177,secondary,20.0,49,100.0,1.2709,2021-08-01,2023-07-31,CTR0184,1
CAT00585,RM0076,SUP0237,primary,75.0,8,50.0,1.3627,2022-09-01,2023-08-31,CTR0252,1
CAT00586,RM0076,SUP0192,tertiary,5.0,25,50.0,1.2371,2022-11-01,2023-10-31,CTR0210,1
CAT00587,RM0076,SUP0177,secondary,20.0,49,100.0,1.2775,2023-08-01,2025-07-31,CTR0185,1
CAT00588,RM0076,SUP0237,primary,75.0,8,50.0,1.4009,2023-09-01,2024-08-31,CTR0253,1
CAT00589,RM0076,SUP0192,tertiary,5.0,25,50.0,1.2396,2023-11-01,2024-10-31,CTR0211,1
CAT00590,RM0076,SUP0237,primary,75.0,8,50.0,1.3898,2024-09-01,2025-08-31,CTR0254,1
CAT00591,RM0076,SUP0192,tertiary,5.0,25,50.0,1.2184,2024-11-01,2025-10-31,CTR0212,1
CAT00592,RM0076,SUP0177,secondary,20.0,49,100.0,1.35,2025-08-01,2027-07-31,CTR0186,1
CAT00593,RM0076,SUP0237,primary,75.0,8,50.0,1.3733,2025-09-01,2026-08-31,CTR0255,1
CAT00594,RM0076,SUP0192,tertiary,5.0,25,50.0,1.2205,2025-11-01,2026-10-31,CTR0213,1
CAT00595,RM0077,SUP0177,primary,70.0,49,50.0,1.3804,2021-08-01,2023-07-31,CTR0184,1
CAT00596,RM0077,SUP0092,tertiary,15.0,50,50.0,1.4263,2022-06-01,2024-05-31,CTR0097,1
CAT00597,RM0077,SUP0237,secondary,15.0,8,50.0,1.3926,2022-09-01,2023-08-31,CTR0252,1
CAT00598,RM0077,SUP0177,primary,70.0,49,50.0,1.4384,2023-08-01,2025-07-31,CTR0185,1
CAT00599,RM0077,SUP0237,secondary,15.0,8,50.0,1.3828,2023-09-01,2024-08-31,CTR0253,1
CAT00600,RM0077,SUP0092,tertiary,15.0,50,50.0,1.4962,2024-06-01,2026-05-31,CTR0098,1
CAT00601,RM0077,SUP0237,secondary,15.0,8,50.0,1.4408,2024-09-01,2025-08-31,CTR0254,1
CAT00602,RM0077,SUP0177,primary,70.0,49,50.0,1.5134,2025-08-01,2027-07-31,CTR0186,1
CAT00603,RM0077,SUP0237,secondary,15.0,8,50.0,1.4463,2025-09-01,2026-08-31,CTR0255,1
CAT00604,RM0078,SUP0107,tertiary,20.0,22,20.0,1.533,2022-07-01,2024-06-30,CTR0118,1
CAT00605,RM0078,SUP0237,primary,60.0,8,20.0,1.4175,2022-09-01,2023-08-31,CTR0252,1
CAT00606,RM0078,SUP0192,secondary,20.0,25,20.0,1.3928,2022-11-01,2023-10-31,CTR0210,1
CAT00607,RM0078,SUP0237,primary,60.0,8,20.0,1.4357,2023-09-01,2024-08-31,CTR0253,1
CAT00608,RM0078,SUP0192,secondary,20.0,25,20.0,1.4101,2023-11-01,2024-10-31,CTR0211,1
CAT00609,RM0078,SUP0107,tertiary,20.0,22,20.0,1.5797,2024-07-01,2026-06-30,CTR0119,1
CAT00610,RM0078,SUP0237,primary,60.0,8,20.0,1.4299,2024-09-01,2025-08-31,CTR0254,1
CAT00611,RM0078,SUP0192,secondary,20.0,25,20.0,1.4248,2024-11-01,2025-10-31,CTR0212,1
CAT00612,RM0078,SUP0237,primary,60.0,8,20.0,1.4611,2025-09-01,2026-08-31,CTR0255,1
CAT00613,RM0078,SUP0192,secondary,20.0,25,20.0,1.4286,2025-11-01,2026-10-31,CTR0213,1
CAT00614,RM0079,SUP0177,secondary,20.0,49,10.0,1.4346,2021-08-01,2023-07-31,CTR0184,1
CAT00615,RM0079,SUP0192,primary,80.0,25,5.0,1.3544,2022-11-01,2023-10-31,CTR0210,1
CAT00616,RM0079,SUP0177,secondary,20.0,49,10.0,1.4254,2023-08-01,2025-07-31,CTR0185,1
CAT00617,RM0079,SUP0192,primary,80.0,25,5.0,1.4257,2023-11-01,2024-10-31,CTR0211,1
CAT00618,RM0079,SUP0192,primary,80.0,25,5.0,1.4337,2024-11-01,2025-10-31,CTR0212,1
CAT00619,RM0079,SUP0177,secondary,20.0,49,10.0,1.4706,2025-08-01,2027-07-31,CTR0186,1
CAT00620,RM0079,SUP0192,primary,80.0,25,5.0,1.4812,2025-11-01,2026-10-31,CTR0213,1
CAT00621,RM0080,SUP0047,secondary,35.0,42,200.0,0.2069,2022-07-01,2024-06-30,CTR0054,1
CAT00622,RM0080,SUP0162,primary,65.0,45,250.0,0.1803,2022-09-01,2023-08-31,CTR0168,1
CAT00623,RM0080,SUP0162,primary,65.0,45,250.0,0.1899,2023-09-01,2024-08-31,CTR0169,1
CAT00624,RM0080,SUP0047,secondary,35.0,42,200.0,0.2157,2024-07-01,2026-06-30,CTR0055,1
CAT00625,RM0080,SUP0162,primary,65.0,45,250.0,0.1909,2024-09-01,2025-08-31,CTR0170,1
CAT00626,RM0080,SUP0162,primary,65.0,45,250.0,0.1882,2025-09-01,2026-08-31,CTR0171,1
CAT00627,RM0081,SUP0227,primary,75.0,31,500.0,0.1876,2022-04-01,2023-03-31,CTR0238,1
CAT00628,RM0081,SUP0202,secondary,25.0,30,500.0,0.1823,2022-06-01,2024-05-31,CTR0219,1
CAT00629,RM0081,SUP0227,primary,75.0,31,500.0,0.1975,2023-04-01,2024-03-31,CTR0239,1
CAT00630,RM0081,SUP0227,primary,75.0,31,500.0,0.2077,2024-04-01,2025-03-31,CTR0240,1
CAT00631,RM0081,SUP0202,secondary,25.0,30,500.0,0.1869,2024-06-01,2026-05-31,CTR0220,1
CAT00632,RM0081,SUP0227,primary,75.0,31,500.0,0.2058,2025-04-01,2026-03-31,CTR0241,1
CAT00633,RM0082,SUP0047,primary,65.0,42,500.0,0.1729,2022-07-01,2024-06-30,CTR0054,1
CAT00634,RM0082,SUP0162,tertiary,20.0,45,250.0,0.1903,2022-09-01,2023-08-31,CTR0168,1
CAT00635,RM0082,SUP0247,secondary,15.0,42,200.0,0.201,2022-10-01,2024-09-30,CTR0260,1
CAT00636,RM0082,SUP0162,tertiary,20.0,45,250.0,0.1961,2023-09-01,2024-08-31,CTR0169,1
CAT00637,RM0082,SUP0047,primary,65.0,42,500.0,0.1727,2024-07-01,2026-06-30,CTR0055,1
CAT00638,RM0082,SUP0162,tertiary,20.0,45,250.0,0.2044,2024-09-01,2025-08-31,CTR0170,1
CAT00639,RM0082,SUP0247,secondary,15.0,42,200.0,0.2098,2024-10-01,2026-09-30,CTR0261,1
CAT00640,RM0082,SUP0162,tertiary,20.0,45,250.0,0.2106,2025-09-01,2026-08-31,CTR0171,1
CAT00641,RM0083,SUP0047,tertiary,15.0,42,250.0,0.146,2022-07-01,2024-06-30,CTR0054,1
CAT00642,RM0083,SUP0162,secondary,10.0,45,250.0,0.1357,2022-09-01,2023-08-31,CTR0168,1
CAT00643,RM0083,SUP0247,primary,75.0,42,200.0,0.1292,2022-10-01,2024-09-30,CTR0260,1
CAT00644,RM0083,SUP0162,secondary,10.0,45,250.0,0.1331,2023-09-01,2024-08-31,CTR0169,1
CAT00645,RM0083,SUP0047,tertiary,15.0,42,250.0,0.1525,2024-07-01,2026-06-30,CTR0055,1
CAT00646,RM0083,SUP0162,secondary,10.0,45,250.0,0.1361,2024-09-01,2025-08-31,CTR0170,1
CAT00647,RM0083,SUP0247,primary,75.0,42,200.0,0.1305,2024-10-01,2026-09-30,CTR0261,1
CAT00648,RM0083,SUP0162,secondary,10.0,45,250.0,0.1381,2025-09-01,2026-08-31,CTR0171,1
CAT00649,RM0084,SUP0116,primary,70.0,47,2.0,3.4741,2021-09-01,2023-08-31,CTR0125,1
CAT00650,RM0084,SUP0091,secondary,25.0,23,2.0,3.18,2022-05-01,2023-04-30,CTR0093,1
CAT00651,RM0084,SUP0026,tertiary,5.0,20,2.0,3.3179,2022-06-01,2024-05-31,CTR0027,1
CAT00652,RM0084,SUP0091,secondary,25.0,23,2.0,3.2995,2023-05-01,2024-04-30,CTR0094,1
CAT00653,RM0084,SUP0116,primary,70.0,47,2.0,3.6598,2023-09-01,2025-08-31,CTR0126,1
CAT00654,RM0084,SUP0091,secondary,25.0,23,2.0,3.4389,2024-05-01,2025-04-30,CTR0095,1
CAT00655,RM0084,SUP0026,tertiary,5.0,20,2.0,3.3453,2024-06-01,2026-05-31,CTR0028,1
CAT00656,RM0084,SUP0091,secondary,25.0,23,2.0,3.5608,2025-05-01,2026-04-30,CTR0096,1
CAT00657,RM0084,SUP0116,primary,70.0,47,2.0,3.7059,2025-09-01,2027-08-31,CTR0127,1
CAT00658,RM0085,SUP0046,primary,70.0,45,1.0,4.9268,2021-01-01,2022-12-31,CTR0051,1
CAT00659,RM0085,SUP0026,secondary,30.0,20,1.0,4.8511,2022-06-01,2024-05-31,CTR0027,1
CAT00660,RM0085,SUP0046,primary,70.0,45,1.0,5.079,2023-01-01,2024-09-18,CTR0052,1
CAT00661,RM0085,SUP0026,secondary,30.0,20,1.0,4.9976,2024-06-01,2024-09-18,CTR0028,1
CAT00662,RM0085,SUP0026,primary,70.0,20,1.0,4.9976,2024-09-19,2026-05-31,CTR0028,1
CAT00663,RM0085,SUP0046,secondary,30.0,45,1.0,5.079,2024-09-19,2024-12-31,CTR0052,1
CAT00664,RM0085,SUP0046,secondary,30.0,45,1.0,5.1351,2025-01-01,2026-12-31,CTR0053,1
CAT00665,RM0086,SUP0046,secondary,15.0,45,5.0,7.2392,2021-01-01,2022-12-31,CTR0051,1
CAT00666,RM0086,SUP0091,primary,85.0,23,5.0,6.5506,2022-05-01,2023-04-30,CTR0093,1
CAT00667,RM0086,SUP0046,secondary,15.0,45,5.0,7.3221,2023-01-01,2024-12-31,CTR0052,1
CAT00668,RM0086,SUP0091,primary,85.0,23,5.0,6.6782,2023-05-01,2024-04-30,CTR0094,1
CAT00669,RM0086,SUP0091,primary,85.0,23,5.0,6.899,2024-05-01,2025-04-30,CTR0095,1
CAT00670,RM0086,SUP0046,secondary,15.0,45,5.0,7.7547,2025-01-01,2026-12-31,CTR0053,1
CAT00671,RM0086,SUP0091,primary,85.0,23,5.0,6.815,2025-05-01,2026-04-30,CTR0096,1
CAT00672,RM0087,SUP0116,secondary,30.0,47,2.0,3.7993,2021-09-01,2023-08-31,CTR0125,1
CAT00673,RM0087,SUP0091,primary,70.0,23,2.0,3.6387,2022-05-01,2023-04-30,CTR0093,1
CAT00674,RM0087,SUP0091,primary,70.0,23,2.0,3.8371,2023-05-01,2024-04-30,CTR0094,1
CAT00675,RM0087,SUP0116,secondary,30.0,47,2.0,3.9206,2023-09-01,2025-08-31,CTR0126,1
CAT00676,RM0087,SUP0091,primary,70.0,23,2.0,3.8198,2024-05-01,2025-04-30,CTR0095,1
CAT00677,RM0087,SUP0091,primary,70.0,23,2.0,3.9581,2025-05-01,2026-04-30,CTR0096,1
CAT00678,RM0087,SUP0116,secondary,30.0,47,2.0,3.9726,2025-09-01,2027-08-31,CTR0127,1
CAT00679,RM0088,SUP0187,primary,90.0,11,50.0,1.4883,2022-09-01,2023-08-31,CTR0199,1
CAT00680,RM0088,SUP0022,secondary,10.0,37,50.0,1.3597,2022-10-01,2023-09-30,CTR0023,1
CAT00681,RM0088,SUP0187,primary,90.0,11,50.0,1.4909,2023-09-01,2024-08-31,CTR0200,1
CAT00682,RM0088,SUP0022,secondary,10.0,37,50.0,1.407,2023-10-01,2024-09-30,CTR0024,1
CAT00683,RM0088,SUP0187,primary,90.0,11,50.0,1.5408,2024-09-01,2025-08-31,CTR0201,1
CAT00684,RM0088,SUP0022,secondary,10.0,37,50.0,1.3853,2024-10-01,2025-09-30,CTR0025,1
CAT00685,RM0088,SUP0187,primary,90.0,11,50.0,1.584,2025-09-01,2026-08-31,CTR0202,1
CAT00686,RM0088,SUP0022,secondary,10.0,37,50.0,1.4277,2025-10-01,2026-09-30,CTR0026,1
CAT00687,RM0089,SUP0067,primary,65.0,37,50.0,1.4867,2022-02-01,2024-01-31,CTR0073,1
CAT00688,RM0089,SUP0022,secondary,35.0,37,50.0,1.5045,2022-10-01,2023-09-30,CTR0023,1
CAT00689,RM0089,SUP0022,secondary,35.0,37,50.0,1.5415,2023-10-01,2024-09-30,CTR0024,1
CAT00690,RM0089,SUP0067,primary,65.0,37,50.0,1.4604,2024-02-01,2026-01-31,CTR0074,1
CAT00691,RM0089,SUP0022,secondary,35.0,37,50.0,1.5379,2024-10-01,2025-09-30,CTR0025,1
CAT00692,RM0089,SUP0022,secondary,35.0,37,50.0,1.6073,2025-10-01,2026-09-30,CTR0026,1
CAT00693,RM0090,SUP0002,secondary,0.0,50,50.0,1.1914,2022-06-01,2024-05-31,CTR0001,0
CAT00694,RM0090,SUP0187,primary,100.0,11,20.0,1.1626,2022-09-01,2023-08-31,CTR0199,1
CAT00695,RM0090,SUP0187,primary,100.0,11,20.0,1.1525,2023-09-01,2024-08-31,CTR0200,1
CAT00696,RM0090,SUP0002,secondary,0.0,50,50.0,1.2509,2024-06-01,2026-05-31,CTR0002,0
CAT00697,RM0090,SUP0187,primary,100.0,11,20.0,1.2007,2024-09-01,2025-08-31,CTR0201,1
CAT00698,RM0090,SUP0187,primary,100.0,11,20.0,1.2603,2025-09-01,2026-08-31,CTR0202,1
CAT00699,RM0091,SUP0217,secondary,30.0,32,100.0,0.8648,2022-05-01,2023-04-30,CTR0225,1
CAT00700,RM0091,SUP0012,primary,70.0,34,50.0,0.8024,2022-09-01,2023-08-31,CTR0007,1
CAT00701,RM0091,SUP0217,secondary,30.0,32,100.0,0.908,2023-05-01,2024-04-30,CTR0226,1
CAT00702,RM0091,SUP0012,primary,70.0,34,50.0,0.8004,2023-09-01,2024-08-31,CTR0008,1
CAT00703,RM0091,SUP0217,secondary,30.0,32,100.0,0.9574,2024-05-01,2025-04-30,CTR0227,1
CAT00704,RM0091,SUP0012,primary,70.0,34,50.0,0.8236,2024-09-01,2025-08-31,CTR0009,1
CAT00705,RM0091,SUP0217,secondary,30.0,32,100.0,0.9596,2025-05-01,2026-04-30,CTR0228,1
CAT00706,RM0091,SUP0012,primary,70.0,34,50.0,0.8457,2025-09-01,2026-08-31,CTR0010,1
CAT00707,RM0092,SUP0217,secondary,0.0,32,50.0,0.8639,2022-05-01,2023-04-30,CTR0225,0
CAT00708,RM0092,SUP0182,primary,100.0,41,50.0,0.9312,2022-09-01,2023-08-31,CTR0191,1
CAT00709,RM0092,SUP0217,secondary,0.0,32,50.0,0.8545,2023-05-01,2024-04-30,CTR0226,0
CAT00710,RM0092,SUP0182,primary,100.0,41,50.0,0.924,2023-09-01,2024-08-31,CTR0192,1
CAT00711,RM0092,SUP0217,secondary,0.0,32,50.0,0.9057,2024-05-01,2025-04-30,CTR0227,0
CAT00712,RM0092,SUP0182,primary,100.0,41,50.0,0.9402,2024-09-01,2025-08-31,CTR0193,1
CAT00713,RM0092,SUP0217,secondary,0.0,32,50.0,0.8945,2025-05-01,2026-04-30,CTR0228,0
CAT00714,RM0092,SUP0182,primary,100.0,41,50.0,0.9473,2025-09-01,2026-08-31,CTR0194,1
CAT00715,RM0093,SUP0217,primary,70.0,32,500.0,0.1492,2022-05-01,2023-04-30,CTR0225,1
CAT00716,RM0093,SUP0207,secondary,30.0,11,500.0,0.1454,2022-10-01,2024-09-30,CTR0221,1
CAT00717,RM0093,SUP0217,primary,70.0,32,500.0,0.1473,2023-05-01,2024-04-30,CTR0226,1
CAT00718,RM0093,SUP0217,primary,70.0,32,500.0,0.1513,2024-05-01,2025-04-30,CTR0227,1
CAT00719,RM0093,SUP0207,secondary,30.0,11,500.0,0.1512,2024-10-01,2026-09-30,CTR0222,1
CAT00720,RM0093,SUP0217,primary,70.0,32,500.0,0.1499,2025-05-01,2026-04-30,CTR0228,1
CAT00721,RM0094,SUP0217,secondary,20.0,32,500.0,0.1277,2022-05-01,2023-04-30,CTR0225,1
CAT00722,RM0094,SUP0207,primary,80.0,11,1000.0,0.1137,2022-10-01,2024-09-30,CTR0221,1
CAT00723,RM0094,SUP0217,secondary,20.0,32,500.0,0.1281,2023-05-01,2024-04-30,CTR0226,1
CAT00724,RM0094,SUP0217,secondary,20.0,32,500.0,0.1275,2024-05-01,2024-11-18,CTR0227,1
CAT00725,RM0094,SUP0207,primary,80.0,11,1000.0,0.113,2024-10-01,2024-11-18,CTR0222,1
CAT00726,RM0094,SUP0207,primary,50.0,11,1000.0,0.113,2024-11-19,2026-09-30,CTR0222,1
CAT00727,RM0094,SUP0217,secondary,50.0,32,500.0,0.1275,2024-11-19,2025-04-30,CTR0227,1
CAT00728,RM0094,SUP0217,secondary,50.0,32,500.0,0.1324,2025-05-01,2026-04-30,CTR0228,1
CAT00729,RM0095,SUP0097,primary,80.0,13,5.0,2.7391,2022-02-01,2023-01-31,CTR0099,1
CAT00730,RM0095,SUP0102,secondary,20.0,12,5.0,2.6375,2022-09-01,2023-08-31,CTR0110,1
CAT00731,RM0095,SUP0097,primary,80.0,13,5.0,2.6867,2023-02-01,2024-01-31,CTR0100,1
CAT00732,RM0095,SUP0102,secondary,20.0,12,5.0,2.6402,2023-09-01,2024-08-31,CTR0111,1
CAT00733,RM0095,SUP0097,primary,80.0,13,5.0,2.701,2024-02-01,2025-01-31,CTR0101,1
CAT00734,RM0095,SUP0102,secondary,20.0,12,5.0,2.6005,2024-09-01,2025-08-31,CTR0112,1
CAT00735,RM0095,SUP0097,primary,80.0,13,5.0,2.8042,2025-02-01,2026-01-31,CTR0102,1
CAT00736,RM0095,SUP0102,secondary,20.0,12,5.0,2.6331,2025-09-01,2026-08-31,CTR0113,1
CAT00737,RM0096,SUP0097,secondary,10.0,13,5.0,4.82,2022-02-01,2023-01-31,CTR0099,1
CAT00738,RM0096,SUP0102,primary,90.0,12,5.0,5.0844,2022-09-01,2023-08-31,CTR0110,1
CAT00739,RM0096,SUP0097,secondary,10.0,13,5.0,4.8972,2023-02-01,2024-01-31,CTR0100,1
CAT00740,RM0096,SUP0102,primary,90.0,12,5.0,5.2345,2023-09-01,2024-08-31,CTR0111,1
CAT00741,RM0096,SUP0097,secondary,10.0,13,5.0,4.933,2024-02-01,2025-01-31,CTR0101,1
CAT00742,RM0096,SUP0102,primary,90.0,12,5.0,5.5458,2024-09-01,2025-08-31,CTR0112,1
CAT00743,RM0096,SUP0097,secondary,10.0,13,5.0,5.2015,2025-02-01,2026-01-31,CTR0102,1
CAT00744,RM0096,SUP0102,primary,90.0,12,5.0,5.4897,2025-09-01,2026-08-31,CTR0113,1
CAT00745,RM0097,SUP0159,secondary,35.0,35,200.0,1.2379,2022-01-01,2022-12-31,CTR0164,1
CAT00746,RM0097,SUP0088,primary,65.0,16,100.0,1.3065,2022-08-01,2023-07-31,CTR0086,1
CAT00747,RM0097,SUP0159,secondary,35.0,35,200.0,1.2177,2023-01-01,2023-12-31,CTR0165,1
CAT00748,RM0097,SUP0088,primary,65.0,16,100.0,1.3635,2023-08-01,2024-07-31,CTR0087,1
CAT00749,RM0097,SUP0159,secondary,35.0,35,200.0,1.2879,2024-01-01,2024-12-31,CTR0166,1
CAT00750,RM0097,SUP0088,primary,65.0,16,100.0,1.3879,2024-08-01,2025-07-31,CTR0088,1
CAT00751,RM0097,SUP0159,secondary,35.0,35,200.0,1.2915,2025-01-01,2025-12-31,CTR0167,1
CAT00752,RM0097,SUP0088,primary,65.0,16,100.0,1.4051,2025-08-01,2026-07-31,CTR0089,1
CAT00753,RM0098,SUP0199,primary,75.0,23,100.0,1.1643,2021-03-01,2023-02-28,CTR0216,1
CAT00754,RM0098,SUP0088,secondary,25.0,13,100.0,1.289,2022-08-01,2023-07-31,CTR0086,1
CAT00755,RM0098,SUP0199,primary,75.0,23,100.0,1.2182,2023-03-01,2025-02-28,CTR0217,1
CAT00756,RM0098,SUP0088,secondary,25.0,13,100.0,1.3054,2023-08-01,2024-07-31,CTR0087,1
CAT00757,RM0098,SUP0088,secondary,25.0,13,100.0,1.3233,2024-08-01,2025-07-31,CTR0088,1
CAT00758,RM0098,SUP0199,primary,75.0,23,100.0,1.2828,2025-03-01,2027-02-28,CTR0218,1
CAT00759,RM0098,SUP0088,secondary,25.0,13,100.0,1.3263,2025-08-01,2026-07-31,CTR0089,1
CAT00760,RM0099,SUP0109,primary,70.0,6,500.0,0.0352,2021-02-01,2023-01-31,CTR0120,1
CAT00761,RM0099,SUP0189,secondary,30.0,33,250.0,0.0356,2021-12-01,2023-11-30,CTR0207,1
CAT00762,RM0099,SUP0109,primary,70.0,6,500.0,0.0348,2023-02-01,2025-01-31,CTR0121,1
CAT00763,RM0099,SUP0189,secondary,30.0,33,250.0,0.0376,2023-12-01,2025-11-30,CTR0208,1
CAT00764,RM0099,SUP0109,primary,70.0,6,500.0,0.035,2025-02-01,2027-01-31,CTR0122,1
CAT00765,RM0099,SUP0189,secondary,30.0,33,250.0,0.0369,2025-12-01,2027-11-30,CTR0209,1
CAT00766,RM0100,SUP0109,tertiary,20.0,6,100.0,0.0507,2021-02-01,2023-01-31,CTR0120,1
CAT00767,RM0100,SUP0189,secondary,10.0,33,100.0,0.0438,2021-12-01,2023-11-30,CTR0207,1
CAT00768,RM0100,SUP0169,primary,70.0,56,100.0,0.0504,2022-09-01,2023-08-31,CTR0180,1
CAT00769,RM0100,SUP0109,tertiary,20.0,6,100.0,0.0501,2023-02-01,2025-01-31,CTR0121,1
CAT00770,RM0100,SUP0169,primary,70.0,56,100.0,0.0518,2023-09-01,2024-08-31,CTR0181,1
CAT00771,RM0100,SUP0189,secondary,10.0,33,100.0,0.0438,2023-12-01,2025-11-30,CTR0208,1
CAT00772,RM0100,SUP0169,primary,70.0,56,100.0,0.0532,2024-09-01,2024-12-29,CTR0182,1
CAT00773,RM0100,SUP0169,primary,70.0,56,100.0,0.0675,2024-12-30,2025-08-31,CTR0182,1
CAT00774,RM0100,SUP0109,tertiary,20.0,6,100.0,0.0511,2025-02-01,2027-01-31,CTR0122,1
CAT00775,RM0100,SUP0169,primary,70.0,56,100.0,0.0522,2025-09-01,2026-08-31,CTR0183,1
CAT00776,RM0100,SUP0189,secondary,10.0,33,100.0,0.0453,2025-12-01,2027-11-30,CTR0209,1
CAT00777,RM0101,SUP0091,tertiary,15.0,23,20.0,1.3361,2022-05-01,2023-04-30,CTR0093,1
CAT00778,RM0101,SUP0111,secondary,15.0,20,20.0,1.4156,2022-06-01,2024-05-31,CTR0123,1
CAT00779,RM0101,SUP0226,primary,70.0,52,25.0,1.4703,2022-09-01,2024-08-31,CTR0236,1
CAT00780,RM0101,SUP0091,tertiary,15.0,23,20.0,1.3934,2023-05-01,2024-04-30,CTR0094,1
CAT00781,RM0101,SUP0091,tertiary,15.0,23,20.0,1.3916,2024-05-01,2025-04-30,CTR0095,1
CAT00782,RM0101,SUP0111,secondary,15.0,20,20.0,1.4937,2024-06-01,2026-05-31,CTR0124,1
CAT00783,RM0101,SUP0226,primary,70.0,52,25.0,1.5159,2024-09-01,2026-08-31,CTR0237,1
CAT00784,RM0101,SUP0091,tertiary,15.0,23,20.0,1.3697,2025-05-01,2026-04-30,CTR0096,1
CAT00785,RM0102,SUP0091,primary,75.0,23,2.5,2.3296,2022-05-01,2023-04-30,CTR0093,1
CAT00786,RM0102,SUP0111,secondary,25.0,20,5.0,2.5613,2022-06-01,2024-05-31,CTR0123,1
CAT00787,RM0102,SUP0091,primary,75.0,23,2.5,2.3537,2023-05-01,2024-04-30,CTR0094,1
CAT00788,RM0102,SUP0091,primary,75.0,23,2.5,2.4729,2024-05-01,2025-04-30,CTR0095,1
CAT00789,RM0102,SUP0111,secondary,25.0,20,5.0,2.5905,2024-06-01,2026-05-31,CTR0124,1
CAT00790,RM0102,SUP0091,primary,75.0,23,2.5,2.617,2025-05-01,2026-04-30,CTR0096,1
CAT00791,RM0103,SUP0197,primary,80.0,14,250.0,0.0622,2022-05-01,2024-04-30,CTR0214,1
CAT00792,RM0103,SUP0237,secondary,20.0,8,200.0,0.0609,2022-09-01,2023-08-31,CTR0252,1
CAT00793,RM0103,SUP0237,secondary,20.0,8,200.0,0.0637,2023-09-01,2024-08-31,CTR0253,1
CAT00794,RM0103,SUP0197,primary,80.0,14,250.0,0.0618,2024-05-01,2026-04-30,CTR0215,1
CAT00795,RM0103,SUP0237,secondary,20.0,8,200.0,0.0669,2024-09-01,2025-08-31,CTR0254,1
CAT00796,RM0103,SUP0237,secondary,20.0,8,200.0,0.0707,2025-09-01,2026-08-31,CTR0255,1
CAT00797,RM0104,SUP0177,primary,75.0,49,200.0,0.015,2021-08-01,2023-07-31,CTR0184,1
CAT00798,RM0104,SUP0197,secondary,20.0,14,250.0,0.0168,2022-05-01,2024-04-30,CTR0214,1
CAT00799,RM0104,SUP0237,tertiary,5.0,8,200.0,0.0144,2022-09-01,2023-08-31,CTR0252,1
CAT00800,RM0104,SUP0177,primary,75.0,49,200.0,0.0159,2023-08-01,2025-07-31,CTR0185,1
CAT00801,RM0104,SUP0237,tertiary,5.0,8,200.0,0.0146,2023-09-01,2024-08-31,CTR0253,1
CAT00802,RM0104,SUP0197,secondary,20.0,14,250.0,0.0176,2024-05-01,2026-04-30,CTR0215,1
CAT00803,RM0104,SUP0237,tertiary,5.0,8,200.0,0.0152,2024-09-01,2025-08-31,CTR0254,1
CAT00804,RM0104,SUP0177,primary,75.0,49,200.0,0.0163,2025-08-01,2027-07-31,CTR0186,1
CAT00805,RM0104,SUP0237,tertiary,5.0,8,200.0,0.0153,2025-09-01,2026-08-31,CTR0255,1
