negotiation_id,supplier_id,rm_id,started_at,concluded_at,topic,our_ask,their_offer,concessions_json,final_terms,outcome,contract_id
NEG0001,SUP0051,RM0001,2023-01-09,2023-02-24,contract_renewal,"price change -3.0%, min volume 66,184, penalty '1% credit per week late beyond 5 days'","price change +7.2%, min volume 99,276","[{""party"": ""supplier"", ""concession"": ""accepted penalty clause '1% credit per week late beyond 5 days'""}, {""party"": ""buyer"", ""concession"": ""min volume 82,730 over the term""}]","index_linked_quarterly; price change +4.2%; min volume 82,730; valid 2023-03-01 to 2025-02-28",partial,CT00054
NEG0002,SUP0196,RM0035,2023-01-14,2023-02-25,contract_renewal,"price change -3.0%, min volume 3,600, penalty '2% credit per week late beyond 3 days'","price change +6.3%, min volume 5,400","[{""party"": ""supplier"", ""concession"": ""accepted penalty clause '2% credit per week late beyond 3 days'""}, {""party"": ""buyer"", ""concession"": ""min volume 4,500 over the term""}]","index_linked_quarterly; price change +3.3%; min volume 4,500; valid 2023-03-01 to 2025-02-28",partial,CT00231
NEG0003,SUP0232,RM0108,2023-02-06,2023-03-25,contract_renewal,"price change -3.0%, min volume 8,952, penalty 'expedite freight at supplier cost if >7 days late'","price change +3.7%, min volume 13,428","[{""party"": ""supplier"", ""concession"": ""accepted penalty clause 'expedite freight at supplier cost if >7 days late'""}, {""party"": ""buyer"", ""concession"": ""min volume 11,190 over the term""}]","fixed_with_cap_5pct; price change +0.7%; min volume 11,190; valid 2023-04-01 to 2025-03-31",agreed,CT00288
NEG0004,SUP0105,RM0094,2023-03-04,2023-04-23,contract_renewal,"price change -3.0%, min volume 872, penalty 'none'","price change +8.2%, min volume 1,308","[{""party"": ""supplier"", ""concession"": ""accepted penalty clause 'none'""}, {""party"": ""buyer"", ""concession"": ""min volume 1,090 over the term""}]","cost_plus; price change +5.2%; min volume 1,090; valid 2023-05-01 to 2024-04-30",partial,CT00109
NEG0005,SUP0136,RM0002,2023-03-08,2023-04-26,contract_renewal,"price change -3.0%, min volume 28,088, penalty '2% credit per week late beyond 3 days'","price change +5.6%, min volume 42,132","[{""party"": ""supplier"", ""concession"": ""accepted penalty clause '2% credit per week late beyond 3 days'""}, {""party"": ""buyer"", ""concession"": ""min volume 35,110 over the term""}]","fixed_with_cap_5pct; price change +2.6%; min volume 35,110; valid 2023-05-01 to 2025-04-30",agreed,CT00145
NEG0006,SUP0054,RM0011,2023-03-09,2023-03-22,late_delivery_credit,"credit of 34,000 under '2% credit per week late beyond 3 days'","credit of 13,600 citing force majeure","[{""party"": ""supplier"", ""concession"": ""credit note on next invoice""}]","credit 30,600",agreed,CT00059
NEG0007,SUP0054,RM0010,2023-03-10,2023-03-23,late_delivery_credit,"credit of 30,600 under '2% credit per week late beyond 3 days'","credit of 12,240 citing force majeure","[{""party"": ""supplier"", ""concession"": ""credit note on next invoice""}]","credit 15,300",partial,CT00059
NEG0008,SUP0240,RM0008,2023-03-26,2023-04-23,contract_renewal,"price change -3.0%, min volume 23,304, penalty '2% credit per week late beyond 3 days'","price change +5.6%, min volume 34,956","[{""party"": ""supplier"", ""concession"": ""accepted penalty clause '2% credit per week late beyond 3 days'""}, {""party"": ""buyer"", ""concession"": ""min volume 29,130 over the term""}]","fixed; price change +2.6%; min volume 29,130; valid 2023-05-01 to 2025-04-30",agreed,CT00302
NEG0009,SUP0229,RM0042,2023-04-09,2023-05-23,contract_renewal,"price change -3.0%, min volume 319,224, penalty 'none'","price change +3.4%, min volume 478,836","[{""party"": ""supplier"", ""concession"": ""accepted penalty clause 'none'""}, {""party"": ""buyer"", ""concession"": ""min volume 399,030 over the term""}]","index_linked_quarterly; price change +0.4%; min volume 399,030; valid 2023-06-01 to 2024-05-31",agreed,CT00282
NEG0010,SUP0063,RM0016,2023-05-12,2023-06-21,contract_renewal,"price change -1.8%, min volume 368, penalty 'none'","price change +2.2%, min volume 552","[{""party"": ""supplier"", ""concession"": ""accepted penalty clause 'none'""}, {""party"": ""buyer"", ""concession"": ""min volume 460 over the term""}]",fixed_with_cap_5pct; price change -0.8%; min volume 460; valid 2023-07-01 to 2024-06-30,agreed,CT00070
NEG0011,SUP0202,RM0005,2023-05-13,2023-06-11,late_delivery_credit,"credit of 12,750 under 'expedite freight at supplier cost if >7 days late'","credit of 7,650","[{""party"": ""supplier"", ""concession"": ""credit note on next invoice""}]",no credit; escalated to QBR,no_agreement,CT00243
NEG0012,SUP0089,RM0003,2023-05-30,2023-06-25,contract_renewal,"price change -3.0%, min volume 242,464, penalty 'expedite freight at supplier cost if >7 days late'","price change +5.7%, min volume 363,696","[{""party"": ""supplier"", ""concession"": ""accepted penalty clause 'expedite freight at supplier cost if >7 days late'""}, {""party"": ""buyer"", ""concession"": ""min volume 303,080 over the term""}]","index_linked_quarterly; price change +2.7%; min volume 303,080; valid 2023-07-01 to 2024-06-30",agreed,CT00092
NEG0013,SUP0051,RM0001,2023-06-15,2023-07-05,late_delivery_credit,"credit of 22,950 under '1% credit per week late beyond 5 days'","credit of 9,180 citing force majeure","[{""party"": ""supplier"", ""concession"": ""credit note on next invoice""}]",no credit; escalated to QBR,no_agreement,CT00054
NEG0014,SUP0124,RM0057,2023-07-14,2023-08-23,contract_renewal,"price change -2.0%, min volume 14,696, penalty 'none'","price change +2.0%, min volume 22,044","[{""party"": ""supplier"", ""concession"": ""accepted penalty clause 'none'""}, {""party"": ""buyer"", ""concession"": ""min volume 18,370 over the term""}]","index_linked_quarterly; price change -1.0%; min volume 18,370; valid 2023-09-01 to 2024-08-31",agreed,CT00127
NEG0015,SUP0136,RM0002,2023-08-17,2023-09-04,late_delivery_credit,"credit of 13,600 under '2% credit per week late beyond 3 days'","credit of 8,160","[{""party"": ""supplier"", ""concession"": ""credit note on next invoice""}]","credit 6,800",partial,CT00145
NEG0016,SUP0051,RM0001,2023-09-07,2023-09-19,late_delivery_credit,"credit of 14,450 under '1% credit per week late beyond 5 days'","credit of 5,780 citing force majeure","[{""party"": ""supplier"", ""concession"": ""credit note on next invoice""}]",no credit; escalated to QBR,no_agreement,CT00054
NEG0017,SUP0118,,2023-10-10,2023-10-17,capacity_reservation,reserve line capacity for all Nov-Dec releases at quoted lead time,reserve 80% of forecast volume; balance best effort,"[{""party"": ""supplier"", ""concession"": ""priority slots for our Nov-Dec POs""}, {""party"": ""buyer"", ""concession"": ""firm forecast frozen 6 weeks out""}]",capacity reserved for Nov-Dec POs placed by 15 Oct; on-time delivery committed,agreed,CT00118
NEG0018,SUP0005,RM0059,2023-11-05,2023-12-28,contract_renewal,"price change -3.0%, min volume 14,496, penalty 'expedite freight at supplier cost if >7 days late'","price change +6.2%, min volume 21,744","[{""party"": ""supplier"", ""concession"": ""accepted penalty clause 'expedite freight at supplier cost if >7 days late'""}, {""party"": ""buyer"", ""concession"": ""min volume 18,120 over the term""}]","fixed_with_cap_5pct; price change +3.2%; min volume 18,120; valid 2024-01-01 to 2024-12-31",partial,CT00002
NEG0019,SUP0162,RM0077,2023-12-13,2024-01-26,contract_renewal,"price change -3.9%, min volume 1,312, penalty '0.5% credit per day late, capped at 10%'","price change +0.1%, min volume 1,968","[{""party"": ""supplier"", ""concession"": ""accepted penalty clause '0.5% credit per day late, capped at 10%'""}, {""party"": ""buyer"", ""concession"": ""min volume 1,640 over the term""}]","fixed; price change -2.9%; min volume 1,640; valid 2024-02-01 to 2026-01-31",agreed,CT00185
NEG0020,SUP0215,RM0095,2024-01-04,2024-02-26,contract_renewal,"price change -3.9%, min volume 6,416, penalty '1% credit per week late beyond 5 days'","price change +0.1%, min volume 9,624","[{""party"": ""supplier"", ""concession"": ""accepted penalty clause '1% credit per week late beyond 5 days'""}, {""party"": ""buyer"", ""concession"": ""min volume 8,020 over the term""}]","fixed_with_cap_5pct; price change -2.9%; min volume 8,020; valid 2024-03-01 to 2026-02-28",agreed,CT00260
NEG0021,SUP0111,RM0098,2024-01-11,2024-02-23,contract_renewal,"price change -3.9%, min volume 4,264, penalty 'none'","price change +0.1%, min volume 6,396","[{""party"": ""supplier"", ""concession"": ""accepted penalty clause 'none'""}, {""party"": ""buyer"", ""concession"": ""min volume 5,330 over the term""}]","cost_plus; price change -2.9%; min volume 5,330; valid 2024-03-01 to 2026-02-28",agreed,CT00115
NEG0022,SUP0017,RM0124,2024-01-15,2024-02-27,contract_renewal,"price change -3.0%, min volume 8,192, penalty '1% credit per week late beyond 5 days'","price change +7.2%, min volume 12,288","[{""party"": ""supplier"", ""concession"": ""accepted penalty clause '1% credit per week late beyond 5 days'""}, {""party"": ""buyer"", ""concession"": ""min volume 10,240 over the term""}]","fixed; price change +4.2%; min volume 10,240; valid 2024-03-01 to 2025-02-28",partial,CT00019
NEG0023,SUP0118,RM0010,2024-01-25,2024-02-26,contract_renewal,"price change -3.0%, min volume 101,848, penalty '2% credit per week late beyond 3 days'","price change +3.8%, min volume 152,772","[{""party"": ""supplier"", ""concession"": ""accepted penalty clause '2% credit per week late beyond 3 days'""}, {""party"": ""buyer"", ""concession"": ""min volume 127,310 over the term""}]","fixed; price change +0.8%; min volume 127,310; valid 2024-03-01 to 2026-02-28",agreed,CT00119
NEG0024,SUP0042,RM0013,2024-01-31,2024-02-24,contract_renewal,"price change -2.0%, min volume 41,424, penalty '1% credit per week late beyond 5 days'","price change +2.0%, min volume 62,136","[{""party"": ""supplier"", ""concession"": ""accepted penalty clause '1% credit per week late beyond 5 days'""}, {""party"": ""buyer"", ""concession"": ""min volume 51,780 over the term""}]","fixed; price change -1.0%; min volume 51,780; valid 2024-03-01 to 2025-02-28",agreed,CT00045
NEG0025,SUP0185,RM0043,2024-02-15,2024-03-25,contract_renewal,"price change -3.0%, min volume 269,832, penalty '1% credit per week late beyond 5 days'","price change +5.6%, min volume 404,748","[{""party"": ""supplier"", ""concession"": ""accepted penalty clause '1% credit per week late beyond 5 days'""}, {""party"": ""buyer"", ""concession"": ""min volume 337,290 over the term""}]","cost_plus; price change +2.6%; min volume 337,290; valid 2024-04-01 to 2025-03-31",agreed,CT00218
NEG0026,SUP0192,RM0031,2024-02-20,2024-03-23,contract_renewal,"price change -3.0%, min volume 13,408, penalty 'none'","price change +5.0%, min volume 20,112","[{""party"": ""supplier"", ""concession"": ""accepted penalty clause 'none'""}, {""party"": ""buyer"", ""concession"": ""min volume 16,760 over the term""}]","index_linked_quarterly; price change +2.0%; min volume 16,760; valid 2024-04-01 to 2025-03-31",agreed,CT00225
NEG0027,SUP0011,RM0009,2024-03-10,2024-04-28,contract_renewal,"price change -3.0%, min volume 123,616, penalty '1% credit per week late beyond 5 days'","price change +6.0%, min volume 185,424","[{""party"": ""supplier"", ""concession"": ""accepted penalty clause '1% credit per week late beyond 5 days'""}, {""party"": ""buyer"", ""concession"": ""min volume 154,520 over the term""}]","cost_plus; price change +3.0%; min volume 154,520; valid 2024-05-01 to 2025-04-30",agreed,CT00010
NEG0028,SUP0185,RM0043,2024-04-07,2024-07-18,price_increase_rollback,roll RM0043 back to 0.1055/ea (pre-increase),hold 0.1290; offer 60-day payment terms,"[{""party"": ""supplier"", ""concession"": ""partial price rollback""}, {""party"": ""buyer"", ""concession"": ""12-month volume commitment at contract minimum""}]",unit price 0.1215 from 2024-07-18,partial,CT00218
NEG0029,SUP0063,RM0016,2024-05-18,2024-06-28,contract_renewal,"price change -3.0%, min volume 456, penalty '2% credit per week late beyond 3 days'","price change +5.1%, min volume 684","[{""party"": ""supplier"", ""concession"": ""accepted penalty clause '2% credit per week late beyond 3 days'""}, {""party"": ""buyer"", ""concession"": ""min volume 570 over the term""}]",index_linked_quarterly; price change +2.1%; min volume 570; valid 2024-07-01 to 2025-06-30,agreed,CT00071
NEG0030,SUP0089,RM0003,2024-05-20,2024-06-22,contract_renewal,"price change -1.8%, min volume 191,024, penalty 'none'","price change +2.2%, min volume 286,536","[{""party"": ""supplier"", ""concession"": ""accepted penalty clause 'none'""}, {""party"": ""buyer"", ""concession"": ""min volume 238,780 over the term""}]","fixed; price change -0.8%; min volume 238,780; valid 2024-07-01 to 2025-06-30",agreed,CT00093
NEG0031,SUP0182,RM0109,2024-06-21,2024-07-24,contract_renewal,"price change -3.1%, min volume 27,656, penalty 'none'","price change +0.9%, min volume 41,484","[{""party"": ""supplier"", ""concession"": ""accepted penalty clause 'none'""}, {""party"": ""buyer"", ""concession"": ""min volume 34,570 over the term""}]","fixed_with_cap_5pct; price change -2.1%; min volume 34,570; valid 2024-08-01 to 2026-07-31",agreed,CT00213
NEG0032,SUP0206,RM0050,2024-06-29,2024-07-27,contract_renewal,"price change -3.0%, min volume 736, penalty 'expedite freight at supplier cost if >7 days late'","price change +4.6%, min volume 1,104","[{""party"": ""supplier"", ""concession"": ""accepted penalty clause 'expedite freight at supplier cost if >7 days late'""}, {""party"": ""buyer"", ""concession"": ""min volume 920 over the term""}]",fixed; price change +1.6%; min volume 920; valid 2024-08-01 to 2025-07-31,agreed,CT00247
NEG0033,SUP0039,RM0055,2024-07-15,2024-08-21,contract_renewal,"price change -3.0%, min volume 85,960, penalty 'expedite freight at supplier cost if >7 days late'","price change +4.5%, min volume 128,940","[{""party"": ""supplier"", ""concession"": ""accepted penalty clause 'expedite freight at supplier cost if >7 days late'""}, {""party"": ""buyer"", ""concession"": ""min volume 107,450 over the term""}]","index_linked_quarterly; price change +1.5%; min volume 107,450; valid 2024-09-01 to 2025-08-31",agreed,CT00041
NEG0034,SUP0208,RM0089,2024-07-17,2024-08-29,contract_renewal,"price change -3.0%, min volume 6,504, penalty '0.5% credit per day late, capped at 10%'","price change +4.7%, min volume 9,756","[{""party"": ""supplier"", ""concession"": ""accepted penalty clause '0.5% credit per day late, capped at 10%'""}, {""party"": ""buyer"", ""concession"": ""min volume 8,130 over the term""}]","cost_plus; price change +1.7%; min volume 8,130; valid 2024-09-01 to 2025-08-31",agreed,CT00250
NEG0035,SUP0179,RM0053,2024-07-19,2024-08-30,contract_renewal,"price change -3.0%, min volume 238,768, penalty '2% credit per week late beyond 3 days'","price change +4.9%, min volume 358,152","[{""party"": ""supplier"", ""concession"": ""accepted penalty clause '2% credit per week late beyond 3 days'""}, {""party"": ""buyer"", ""concession"": ""min volume 298,460 over the term""}]","fixed; price change +1.9%; min volume 298,460; valid 2024-09-01 to 2026-08-31",agreed,CT00207
NEG0036,SUP0239,RM0104,2024-07-20,2024-08-21,contract_renewal,"price change -3.0%, min volume 1,512, penalty 'none'","price change +3.4%, min volume 2,268","[{""party"": ""supplier"", ""concession"": ""accepted penalty clause 'none'""}, {""party"": ""buyer"", ""concession"": ""min volume 1,890 over the term""}]","cost_plus; price change +0.4%; min volume 1,890; valid 2024-09-01 to 2025-08-31",agreed,CT00299
NEG0037,SUP0217,RM0044,2024-08-04,2024-09-23,contract_renewal,"price change -3.0%, min volume 69,912, penalty 'none'","price change +5.4%, min volume 104,868","[{""party"": ""supplier"", ""concession"": ""accepted penalty clause 'none'""}, {""party"": ""buyer"", ""concession"": ""min volume 87,390 over the term""}]","fixed_with_cap_5pct; price change +2.4%; min volume 87,390; valid 2024-10-01 to 2025-09-30",agreed,CT00265
NEG0038,SUP0144,RM0051,2024-09-09,2024-10-25,contract_renewal,"price change -3.0%, min volume 264, penalty '0.5% credit per day late, capped at 10%'","price change +3.2%, min volume 396","[{""party"": ""supplier"", ""concession"": ""accepted penalty clause '0.5% credit per day late, capped at 10%'""}, {""party"": ""buyer"", ""concession"": ""min volume 330 over the term""}]",fixed_with_cap_5pct; price change +0.2%; min volume 330; valid 2024-11-01 to 2026-10-31,agreed,CT00163
NEG0039,SUP0118,,2024-10-06,2024-10-13,capacity_reservation,reserve line capacity for all Nov-Dec releases at quoted lead time,reserve 80% of forecast volume; balance best effort,"[{""party"": ""supplier"", ""concession"": ""priority slots for our Nov-Dec POs""}, {""party"": ""buyer"", ""concession"": ""firm forecast frozen 6 weeks out""}]",capacity reserved for Nov-Dec POs placed by 15 Oct; on-time delivery committed,agreed,CT00119
NEG0040,SUP0019,RM0126,2024-12-15,2025-01-23,contract_renewal,"price change -1.3%, min volume 11,664, penalty '2% credit per week late beyond 3 days'","price change +2.7%, min volume 17,496","[{""party"": ""supplier"", ""concession"": ""accepted penalty clause '2% credit per week late beyond 3 days'""}, {""party"": ""buyer"", ""concession"": ""min volume 14,580 over the term""}]","cost_plus; price change -0.3%; min volume 14,580; valid 2025-02-01 to 2027-01-31",agreed,CT00023
NEG0041,SUP0197,RM0050,2024-12-23,2025-01-29,contract_renewal,"price change -3.0%, min volume 15,432, penalty '0.5% credit per day late, capped at 10%'","price change +6.6%, min volume 23,148","[{""party"": ""supplier"", ""concession"": ""accepted penalty clause '0.5% credit per day late, capped at 10%'""}, {""party"": ""buyer"", ""concession"": ""min volume 19,290 over the term""}]","fixed; price change +3.6%; min volume 19,290; valid 2025-02-01 to 2027-01-31",partial,CT00235
NEG0042,SUP0214,RM0049,2025-01-06,2025-02-18,contract_renewal,"price change -3.0%, min volume 2,048, penalty '1% credit per week late beyond 5 days'","price change +5.2%, min volume 3,072","[{""party"": ""supplier"", ""concession"": ""accepted penalty clause '1% credit per week late beyond 5 days'""}, {""party"": ""buyer"", ""concession"": ""min volume 2,560 over the term""}]","cost_plus; price change +2.2%; min volume 2,560; valid 2025-03-01 to 2027-02-28",agreed,CT00258
NEG0043,SUP0055,RM0110,2025-01-14,2025-02-26,contract_renewal,"price change -3.0%, min volume 246,304, penalty '1% credit per week late beyond 5 days'","price change +4.7%, min volume 369,456","[{""party"": ""supplier"", ""concession"": ""accepted penalty clause '1% credit per week late beyond 5 days'""}, {""party"": ""buyer"", ""concession"": ""min volume 307,880 over the term""}]","fixed_with_cap_5pct; price change +1.7%; min volume 307,880; valid 2025-03-01 to 2027-02-28",agreed,CT00063
NEG0044,SUP0185,RM0043,2025-02-08,2025-06-03,price_increase_rollback,roll RM0043 back to 0.1215/ea (pre-increase),hold 0.1448; offer 60-day payment terms,"[{""party"": ""supplier"", ""concession"": ""partial price rollback""}, {""party"": ""buyer"", ""concession"": ""12-month volume commitment at contract minimum""}]",unit price 0.1322 from 2025-06-03,partial,CT00218
NEG0045,SUP0185,RM0043,2025-02-15,2025-03-23,contract_renewal,"price change -3.0%, min volume 209,624, penalty '1% credit per week late beyond 5 days'","price change +5.5%, min volume 314,436","[{""party"": ""supplier"", ""concession"": ""accepted penalty clause '1% credit per week late beyond 5 days'""}, {""party"": ""buyer"", ""concession"": ""min volume 262,030 over the term""}]","fixed_with_cap_5pct; price change +2.5%; min volume 262,030; valid 2025-04-01 to 2026-03-31",agreed,CT00219
NEG0046,SUP0229,RM0042,2025-04-18,2025-05-23,contract_renewal,"price change -2.2%, min volume 956,688, penalty 'none'","price change +1.8%, min volume 1,435,032","[{""party"": ""supplier"", ""concession"": ""accepted penalty clause 'none'""}, {""party"": ""buyer"", ""concession"": ""min volume 1,195,860 over the term""}]","index_linked_quarterly; price change -1.2%; min volume 1,195,860; valid 2025-06-01 to 2027-05-31",agreed,CT00284
NEG0047,SUP0202,RM0005,2025-05-06,2025-06-23,contract_renewal,"price change -3.9%, min volume 8,496, penalty 'expedite freight at supplier cost if >7 days late'","price change +0.1%, min volume 12,744","[{""party"": ""supplier"", ""concession"": ""accepted penalty clause 'expedite freight at supplier cost if >7 days late'""}, {""party"": ""buyer"", ""concession"": ""min volume 10,620 over the term""}]","fixed_with_cap_5pct; price change -2.9%; min volume 10,620; valid 2025-07-01 to 2026-06-30",agreed,CT00245
NEG0048,SUP0089,RM0003,2025-05-11,2025-06-28,contract_renewal,"price change -3.0%, min volume 563,816, penalty 'none'","price change +4.9%, min volume 845,724","[{""party"": ""supplier"", ""concession"": ""accepted penalty clause 'none'""}, {""party"": ""buyer"", ""concession"": ""min volume 704,770 over the term""}]","cost_plus; price change +1.9%; min volume 704,770; valid 2025-07-01 to 2027-06-30",agreed,CT00094
NEG0049,SUP0039,RM0055,2025-07-24,2025-08-27,contract_renewal,"price change -3.0%, min volume 106,088, penalty 'none'","price change +4.6%, min volume 159,132","[{""party"": ""supplier"", ""concession"": ""accepted penalty clause 'none'""}, {""party"": ""buyer"", ""concession"": ""min volume 132,610 over the term""}]","index_linked_quarterly; price change +1.6%; min volume 132,610; valid 2025-09-01 to 2026-08-31",agreed,CT00042
NEG0050,SUP0199,RM0039,2025-10-02,2025-10-22,contract_renewal,"price change -2.2%, min volume 20,720, penalty '0.5% credit per day late, capped at 10%'","price change +1.8%, min volume 31,080","[{""party"": ""supplier"", ""concession"": ""accepted penalty clause '0.5% credit per day late, capped at 10%'""}, {""party"": ""buyer"", ""concession"": ""min volume 25,900 over the term""}]","cost_plus; price change -1.2%; min volume 25,900; valid 2025-11-01 to 2027-10-31",agreed,CT00238
NEG0051,SUP0118,,2025-10-04,2025-10-15,capacity_reservation,reserve line capacity for all Nov-Dec releases at quoted lead time,reserve 80% of forecast volume; balance best effort,"[{""party"": ""supplier"", ""concession"": ""priority slots for our Nov-Dec POs""}, {""party"": ""buyer"", ""concession"": ""firm forecast frozen 6 weeks out""}]",capacity reserved for Nov-Dec POs placed by 15 Oct; on-time delivery committed,agreed,CT00119
NEG0052,SUP0185,RM0043,2025-10-24,,price_increase_rollback,roll RM0043 back to 0.1322/ea (pre-increase),hold 0.1553; offer 60-day payment terms,"[{""party"": ""supplier"", ""concession"": ""none yet""}, {""party"": ""buyer"", ""concession"": ""12-month volume commitment at contract minimum""}]",pending,open,CT00219
