src_event_id,dst_event_id,link_type
EVT00213,EVT00224,caused
EVT00345,EVT00213,recurrence_of
EVT00345,EVT00372,caused
EVT00445,EVT00345,recurrence_of
EVT00445,EVT00472,caused
EVT00140,EVT00001,recurrence_of
EVT00298,EVT00140,recurrence_of
EVT00288,EVT00125,recurrence_of
EVT00447,EVT00288,recurrence_of
EVT00157,EVT00015,recurrence_of
EVT00326,EVT00157,recurrence_of
EVT00058,EVT00007,recurrence_of
EVT00083,EVT00058,recurrence_of
EVT00111,EVT00083,recurrence_of
EVT00141,EVT00111,recurrence_of
EVT00196,EVT00141,recurrence_of
EVT00222,EVT00196,recurrence_of
EVT00248,EVT00222,recurrence_of
EVT00272,EVT00248,recurrence_of
EVT00299,EVT00272,recurrence_of
EVT00365,EVT00299,recurrence_of
EVT00395,EVT00365,recurrence_of
EVT00422,EVT00395,recurrence_of
EVT00448,EVT00422,recurrence_of
EVT00128,EVT00221,mitigated_by
EVT00142,EVT00221,mitigated_by
EVT00133,EVT00376,mitigated_by
EVT00287,EVT00376,mitigated_by
EVT00300,EVT00376,mitigated_by
EVT00039,EVT00231,mitigated_by
EVT00188,EVT00231,mitigated_by
EVT00123,EVT00227,mitigated_by
EVT00144,EVT00227,mitigated_by
EVT00050,EVT00214,mitigated_by
EVT00094,EVT00214,mitigated_by
EVT00152,EVT00214,mitigated_by
EVT00200,EVT00214,mitigated_by
EVT00218,EVT00214,mitigated_by
EVT00028,EVT00194,mitigated_by
EVT00048,EVT00194,mitigated_by
EVT00170,EVT00194,mitigated_by
EVT00085,EVT00002,similar_to
EVT00124,EVT00085,similar_to
EVT00183,EVT00124,similar_to
EVT00210,EVT00183,similar_to
EVT00253,EVT00210,similar_to
EVT00261,EVT00253,similar_to
EVT00289,EVT00261,similar_to
EVT00384,EVT00289,similar_to
EVT00410,EVT00384,similar_to
EVT00441,EVT00410,similar_to
EVT00455,EVT00441,similar_to
EVT00042,EVT00008,similar_to
EVT00110,EVT00042,similar_to
EVT00121,EVT00110,similar_to
EVT00132,EVT00121,similar_to
EVT00155,EVT00132,similar_to
EVT00201,EVT00155,similar_to
EVT00244,EVT00201,similar_to
EVT00363,EVT00244,similar_to
EVT00385,EVT00363,similar_to
EVT00405,EVT00385,similar_to
EVT00049,EVT00009,similar_to
EVT00082,EVT00049,similar_to
EVT00118,EVT00082,similar_to
EVT00146,EVT00118,similar_to
EVT00205,EVT00146,similar_to
EVT00225,EVT00205,similar_to
EVT00309,EVT00225,similar_to
EVT00439,EVT00309,similar_to
EVT00444,EVT00439,similar_to
EVT00067,EVT00011,similar_to
EVT00088,EVT00067,similar_to
EVT00156,EVT00088,similar_to
EVT00237,EVT00156,similar_to
EVT00338,EVT00237,similar_to
EVT00373,EVT00338,similar_to
EVT00421,EVT00373,similar_to
EVT00443,EVT00421,similar_to
EVT00462,EVT00443,similar_to
EVT00028,EVT00014,similar_to
EVT00048,EVT00028,similar_to
EVT00170,EVT00048,similar_to
EVT00179,EVT00170,similar_to
EVT00197,EVT00179,similar_to
EVT00342,EVT00197,similar_to
EVT00023,EVT00016,similar_to
EVT00164,EVT00023,similar_to
EVT00177,EVT00164,similar_to
EVT00321,EVT00177,similar_to
EVT00331,EVT00321,similar_to
EVT00352,EVT00331,similar_to
EVT00184,EVT00019,similar_to
EVT00349,EVT00184,similar_to
EVT00351,EVT00349,similar_to
EVT00035,EVT00022,similar_to
EVT00158,EVT00035,similar_to
EVT00168,EVT00158,similar_to
EVT00348,EVT00168,similar_to
EVT00350,EVT00348,similar_to
EVT00159,EVT00024,similar_to
EVT00329,EVT00159,similar_to
EVT00126,EVT00025,similar_to
EVT00172,EVT00126,similar_to
EVT00310,EVT00172,similar_to
EVT00341,EVT00310,similar_to
EVT00178,EVT00026,similar_to
EVT00335,EVT00178,similar_to
EVT00047,EVT00027,similar_to
EVT00120,EVT00047,similar_to
EVT00160,EVT00120,similar_to
EVT00320,EVT00160,similar_to
EVT00353,EVT00320,similar_to
EVT00393,EVT00353,similar_to
EVT00171,EVT00030,similar_to
EVT00333,EVT00171,similar_to
EVT00056,EVT00037,similar_to
EVT00093,EVT00056,similar_to
EVT00117,EVT00093,similar_to
EVT00138,EVT00117,similar_to
EVT00207,EVT00138,similar_to
EVT00223,EVT00207,similar_to
EVT00284,EVT00223,similar_to
EVT00340,EVT00284,similar_to
EVT00394,EVT00340,similar_to
EVT00414,EVT00394,similar_to
EVT00470,EVT00414,similar_to
EVT00180,EVT00038,similar_to
EVT00332,EVT00180,similar_to
EVT00354,EVT00332,similar_to
EVT00145,EVT00041,similar_to
EVT00290,EVT00145,similar_to
EVT00294,EVT00290,similar_to
EVT00418,EVT00294,similar_to
EVT00071,EVT00045,similar_to
EVT00106,EVT00071,similar_to
EVT00119,EVT00106,similar_to
EVT00169,EVT00119,similar_to
EVT00189,EVT00169,similar_to
EVT00381,EVT00189,similar_to
EVT00382,EVT00381,similar_to
EVT00094,EVT00050,similar_to
EVT00152,EVT00094,similar_to
EVT00200,EVT00152,similar_to
EVT00218,EVT00200,similar_to
EVT00100,EVT00051,similar_to
EVT00062,EVT00055,similar_to
EVT00149,EVT00062,similar_to
EVT00245,EVT00149,similar_to
EVT00302,EVT00245,similar_to
EVT00317,EVT00302,similar_to
EVT00364,EVT00317,similar_to
EVT00406,EVT00364,similar_to
EVT00419,EVT00406,similar_to
EVT00105,EVT00057,similar_to
EVT00208,EVT00105,similar_to
EVT00228,EVT00208,similar_to
EVT00252,EVT00228,similar_to
EVT00264,EVT00252,similar_to
EVT00275,EVT00264,similar_to
EVT00424,EVT00275,similar_to
EVT00451,EVT00424,similar_to
EVT00428,EVT00060,similar_to
EVT00084,EVT00061,similar_to
EVT00097,EVT00084,similar_to
EVT00230,EVT00097,similar_to
EVT00250,EVT00230,similar_to
EVT00263,EVT00250,similar_to
EVT00285,EVT00263,similar_to
EVT00323,EVT00285,similar_to
EVT00378,EVT00323,similar_to
EVT00265,EVT00063,similar_to
EVT00074,EVT00064,similar_to
EVT00098,EVT00074,similar_to
EVT00112,EVT00098,similar_to
EVT00226,EVT00112,similar_to
EVT00259,EVT00226,similar_to
EVT00282,EVT00259,similar_to
EVT00360,EVT00282,similar_to
EVT00367,EVT00360,similar_to
EVT00425,EVT00367,similar_to
EVT00461,EVT00425,similar_to
EVT00459,EVT00066,similar_to
EVT00087,EVT00070,similar_to
EVT00095,EVT00087,similar_to
EVT00242,EVT00095,similar_to
EVT00292,EVT00242,similar_to
EVT00380,EVT00292,similar_to
EVT00413,EVT00380,similar_to
EVT00429,EVT00413,similar_to
EVT00243,EVT00075,similar_to
EVT00319,EVT00243,similar_to
EVT00361,EVT00319,similar_to
EVT00404,EVT00361,similar_to
EVT00322,EVT00101,similar_to
EVT00362,EVT00102,similar_to
EVT00435,EVT00148,similar_to
EVT00403,EVT00186,similar_to
EVT00372,EVT00224,similar_to
EVT00472,EVT00372,similar_to
EVT00260,EVT00239,similar_to
EVT00389,EVT00260,similar_to
EVT00434,EVT00389,similar_to
EVT00305,EVT00246,similar_to
EVT00392,EVT00305,similar_to
EVT00312,EVT00247,similar_to
EVT00344,EVT00256,similar_to
EVT00411,EVT00344,similar_to
EVT00347,EVT00273,similar_to
EVT00456,EVT00359,similar_to
EVT00454,EVT00450,similar_to
EVT00006,EVT00010,caused
EVT00015,EVT00011,caused
EVT00015,EVT00013,caused
EVT00015,EVT00014,caused
EVT00015,EVT00016,caused
EVT00015,EVT00019,caused
EVT00015,EVT00020,caused
EVT00015,EVT00021,caused
EVT00015,EVT00022,caused
EVT00015,EVT00023,caused
EVT00015,EVT00024,caused
EVT00015,EVT00025,caused
EVT00015,EVT00026,caused
EVT00015,EVT00027,caused
EVT00015,EVT00028,caused
EVT00015,EVT00029,caused
EVT00015,EVT00030,caused
EVT00015,EVT00031,caused
EVT00015,EVT00035,caused
EVT00015,EVT00038,caused
EVT00015,EVT00039,caused
EVT00015,EVT00040,caused
EVT00015,EVT00043,caused
EVT00015,EVT00044,caused
EVT00015,EVT00046,caused
EVT00015,EVT00047,caused
EVT00015,EVT00048,caused
EVT00073,EVT00075,caused
EVT00073,EVT00078,caused
EVT00101,EVT00109,caused
EVT00101,EVT00110,caused
EVT00101,EVT00118,caused
EVT00125,EVT00123,caused
EVT00125,EVT00127,caused
EVT00125,EVT00128,caused
EVT00125,EVT00131,caused
EVT00125,EVT00133,caused
EVT00125,EVT00139,caused
EVT00125,EVT00142,caused
EVT00125,EVT00143,caused
EVT00125,EVT00144,caused
EVT00157,EVT00156,caused
EVT00157,EVT00158,caused
EVT00157,EVT00159,caused
EVT00157,EVT00160,caused
EVT00157,EVT00164,caused
EVT00157,EVT00165,caused
EVT00157,EVT00166,caused
EVT00157,EVT00167,caused
EVT00157,EVT00168,caused
EVT00157,EVT00170,caused
EVT00157,EVT00171,caused
EVT00157,EVT00172,caused
EVT00157,EVT00174,caused
EVT00157,EVT00175,caused
EVT00157,EVT00177,caused
EVT00157,EVT00178,caused
EVT00157,EVT00179,caused
EVT00157,EVT00180,caused
EVT00157,EVT00182,caused
EVT00157,EVT00184,caused
EVT00157,EVT00185,caused
EVT00157,EVT00188,caused
EVT00157,EVT00191,caused
EVT00157,EVT00192,caused
EVT00157,EVT00193,caused
EVT00157,EVT00195,caused
EVT00157,EVT00197,caused
EVT00224,EVT00215,caused
EVT00224,EVT00229,caused
EVT00224,EVT00241,caused
EVT00288,EVT00287,caused
EVT00288,EVT00291,caused
EVT00288,EVT00293,caused
EVT00288,EVT00297,caused
EVT00288,EVT00300,caused
EVT00288,EVT00303,caused
EVT00326,EVT00320,caused
EVT00326,EVT00324,caused
EVT00326,EVT00325,caused
EVT00326,EVT00327,caused
EVT00326,EVT00328,caused
EVT00326,EVT00329,caused
EVT00326,EVT00331,caused
EVT00326,EVT00332,caused
EVT00326,EVT00333,caused
EVT00326,EVT00334,caused
EVT00326,EVT00335,caused
EVT00326,EVT00336,caused
EVT00322,EVT00337,caused
EVT00326,EVT00338,caused
EVT00326,EVT00339,caused
EVT00326,EVT00341,caused
EVT00326,EVT00342,caused
EVT00326,EVT00343,caused
EVT00326,EVT00348,caused
EVT00326,EVT00349,caused
EVT00326,EVT00350,caused
EVT00326,EVT00351,caused
EVT00326,EVT00352,caused
EVT00326,EVT00353,caused
EVT00326,EVT00354,caused
EVT00326,EVT00355,caused
EVT00326,EVT00358,caused
EVT00372,EVT00369,caused
EVT00368,EVT00378,caused
EVT00372,EVT00387,caused
EVT00247,EVT00390,caused
EVT00403,EVT00406,caused
EVT00447,EVT00452,caused
EVT00472,EVT00465,caused
EVT00447,EVT00468,caused
EVT00447,EVT00469,caused
