rm_opening_balance_id,rm_id,plant_id,balance_date,opening_units
RM0001-P01,RM0001,P01,2022-11-01,1470.2634
RM0001-P02,RM0001,P02,2022-11-01,1845.2542
RM0001-P03,RM0001,P03,2022-11-01,1803.9235
RM0001-P04,RM0001,P04,2022-11-01,1297.8924
RM0001-P05,RM0001,P05,2022-11-01,1212.4957
RM0002-P01,RM0002,P01,2022-11-01,406.9343
RM0002-P02,RM0002,P02,2022-11-01,546.6522
RM0002-P03,RM0002,P03,2022-11-01,459.4566
RM0002-P04,RM0002,P04,2022-11-01,353.3305
RM0002-P05,RM0002,P05,2022-11-01,259.3267
RM0003-P01,RM0003,P01,2022-11-01,5369.9521
RM0003-P02,RM0003,P02,2022-11-01,7925.7759
RM0003-P03,RM0003,P03,2022-11-01,7270.3552
RM0003-P04,RM0003,P04,2022-11-01,5747.9787
RM0003-P05,RM0003,P05,2022-11-01,4078.6774
RM0004-P01,RM0004,P01,2022-11-01,97.4683
RM0004-P02,RM0004,P02,2022-11-01,114.863
RM0004-P03,RM0004,P03,2022-11-01,87.0669
RM0004-P04,RM0004,P04,2022-11-01,63.9109
RM0004-P05,RM0004,P05,2022-11-01,80.1961
RM0005-P01,RM0005,P01,2022-11-01,343.496
RM0005-P02,RM0005,P02,2022-11-01,409.972
RM0005-P03,RM0005,P03,2022-11-01,369.886
RM0005-P04,RM0005,P04,2022-11-01,265.3808
RM0005-P05,RM0005,P05,2022-11-01,263.1501
RM0006-P01,RM0006,P01,2022-11-01,5025.4882
RM0006-P02,RM0006,P02,2022-11-01,6069.6
RM0006-P03,RM0006,P03,2022-11-01,4161.6054
RM0006-P04,RM0006,P04,2022-11-01,3368.1396
RM0006-P05,RM0006,P05,2022-11-01,4139.4134
RM0007-P01,RM0007,P01,2022-11-01,1202.4128
RM0007-P02,RM0007,P02,2022-11-01,2026.4369
RM0007-P03,RM0007,P03,2022-11-01,1666.665
RM0007-P04,RM0007,P04,2022-11-01,1014.847
RM0007-P05,RM0007,P05,2022-11-01,1104.0065
RM0008-P01,RM0008,P01,2022-11-01,339.2659
RM0008-P02,RM0008,P02,2022-11-01,493.8222
RM0008-P03,RM0008,P03,2022-11-01,549.8243
RM0008-P04,RM0008,P04,2022-11-01,390.5429
RM0008-P05,RM0008,P05,2022-11-01,309.7706
RM0009-P01,RM0009,P01,2022-11-01,6687.3519
RM0009-P02,RM0009,P02,2022-11-01,9834.9241
RM0009-P03,RM0009,P03,2022-11-01,7776.6693
RM0009-P04,RM0009,P04,2022-11-01,6424.8852
RM0009-P05,RM0009,P05,2022-11-01,4464.9355
RM0010-P01,RM0010,P01,2022-11-01,64.1376
RM0010-P02,RM0010,P02,2022-11-01,95.8093
RM0010-P03,RM0010,P03,2022-11-01,73.6754
RM0010-P04,RM0010,P04,2022-11-01,46.6984
RM0010-P05,RM0010,P05,2022-11-01,48.9474
RM0011-P01,RM0011,P01,2022-11-01,266.4047
RM0011-P02,RM0011,P02,2022-11-01,468.3607
RM0011-P03,RM0011,P03,2022-11-01,444.2321
RM0011-P04,RM0011,P04,2022-11-01,270.5745
RM0011-P05,RM0011,P05,2022-11-01,278.7599
RM0012-P01,RM0012,P01,2022-11-01,4462.8436
RM0012-P02,RM0012,P02,2022-11-01,6407.823
RM0012-P03,RM0012,P03,2022-11-01,4562.4649
RM0012-P04,RM0012,P04,2022-11-01,5126.2478
RM0012-P05,RM0012,P05,2022-11-01,3698.4784
RM0013-P01,RM0013,P01,2022-11-01,1541.3868
RM0013-P02,RM0013,P02,2022-11-01,1542.1763
RM0013-P03,RM0013,P03,2022-11-01,1359.6975
RM0013-P04,RM0013,P04,2022-11-01,1246.6178
RM0013-P05,RM0013,P05,2022-11-01,1162.1549
RM0014-P01,RM0014,P01,2022-11-01,73.8466
RM0014-P02,RM0014,P02,2022-11-01,135.786
RM0014-P03,RM0014,P03,2022-11-01,149.7902
RM0014-P04,RM0014,P04,2022-11-01,200.2984
RM0014-P05,RM0014,P05,2022-11-01,54.945
RM0015-P01,RM0015,P01,2022-11-01,33.662
RM0015-P02,RM0015,P02,2022-11-01,77.1863
RM0015-P03,RM0015,P03,2022-11-01,298.5443
RM0015-P04,RM0015,P04,2022-11-01,72.9542
RM0015-P05,RM0015,P05,2022-11-01,49.3465
RM0016-P01,RM0016,P01,2022-11-01,27.0487
RM0016-P02,RM0016,P02,2022-11-01,38.4296
RM0016-P03,RM0016,P03,2022-11-01,57.7701
RM0016-P04,RM0016,P04,2022-11-01,24.05
RM0016-P05,RM0016,P05,2022-11-01,49.6165
RM0017-P01,RM0017,P01,2022-11-01,12.3339
RM0017-P02,RM0017,P02,2022-11-01,20.0367
RM0017-P03,RM0017,P03,2022-11-01,92.5013
RM0017-P04,RM0017,P04,2022-11-01,51.0152
RM0017-P05,RM0017,P05,2022-11-01,127.7247
RM0018-P01,RM0018,P01,2022-11-01,34.1705
RM0018-P02,RM0018,P02,2022-11-01,82.3313
RM0018-P03,RM0018,P03,2022-11-01,128.7575
RM0018-P04,RM0018,P04,2022-11-01,137.4024
RM0018-P05,RM0018,P05,2022-11-01,22.1572
RM0019-P01,RM0019,P01,2022-11-01,16.582
RM0019-P02,RM0019,P02,2022-11-01,110.2195
RM0019-P03,RM0019,P03,2022-11-01,15.8544
RM0019-P04,RM0019,P04,2022-11-01,126.0983
RM0019-P05,RM0019,P05,2022-11-01,41.9321
RM0020-P01,RM0020,P01,2022-11-01,35.6099
RM0020-P02,RM0020,P02,2022-11-01,198.1145
RM0020-P03,RM0020,P03,2022-11-01,46.229
RM0020-P04,RM0020,P04,2022-11-01,40.3815
RM0020-P05,RM0020,P05,2022-11-01,26.2732
RM0021-P01,RM0021,P01,2022-11-01,26.8327
RM0021-P02,RM0021,P02,2022-11-01,17.5553
RM0021-P03,RM0021,P03,2022-11-01,12.9841
RM0021-P04,RM0021,P04,2022-11-01,40.9419
RM0021-P05,RM0021,P05,2022-11-01,93.5609
RM0022-P01,RM0022,P01,2022-11-01,13.239
RM0022-P02,RM0022,P02,2022-11-01,30.6453
RM0022-P03,RM0022,P03,2022-11-01,10.3915
RM0022-P04,RM0022,P04,2022-11-01,7.0116
RM0022-P05,RM0022,P05,2022-11-01,31.4025
RM0023-P01,RM0023,P01,2022-11-01,9.3808
RM0023-P02,RM0023,P02,2022-11-01,8.1753
RM0023-P03,RM0023,P03,2022-11-01,43.2889
RM0023-P04,RM0023,P04,2022-11-01,13.4432
RM0023-P05,RM0023,P05,2022-11-01,2.5903
RM0024-P01,RM0024,P01,2022-11-01,48.2338
RM0024-P02,RM0024,P02,2022-11-01,57.5762
RM0024-P03,RM0024,P03,2022-11-01,13.3727
RM0024-P04,RM0024,P04,2022-11-01,41.1738
RM0024-P05,RM0024,P05,2022-11-01,30.2453
RM0025-P01,RM0025,P01,2022-11-01,3.9924
RM0025-P02,RM0025,P02,2022-11-01,15.1259
RM0025-P03,RM0025,P03,2022-11-01,3.6522
RM0025-P04,RM0025,P04,2022-11-01,11.3686
RM0025-P05,RM0025,P05,2022-11-01,21.7926
RM0026-P01,RM0026,P01,2022-11-01,8.4235
RM0026-P03,RM0026,P03,2022-11-01,9.3501
RM0026-P04,RM0026,P04,2022-11-01,21.2347
RM0026-P05,RM0026,P05,2022-11-01,6.0189
RM0027-P01,RM0027,P01,2022-11-01,1429.8078
RM0027-P02,RM0027,P02,2022-11-01,3389.9593
RM0027-P03,RM0027,P03,2022-11-01,998.975
RM0027-P04,RM0027,P04,2022-11-01,744.525
RM0027-P05,RM0027,P05,2022-11-01,1232.2322
RM0028-P01,RM0028,P01,2022-11-01,2244.9461
RM0028-P02,RM0028,P02,2022-11-01,775.5536
RM0028-P03,RM0028,P03,2022-11-01,522.1247
RM0028-P04,RM0028,P04,2022-11-01,629.3096
RM0028-P05,RM0028,P05,2022-11-01,1270.1652
RM0029-P01,RM0029,P01,2022-11-01,189.9921
RM0029-P02,RM0029,P02,2022-11-01,565.0775
RM0029-P03,RM0029,P03,2022-11-01,1042.2785
RM0029-P04,RM0029,P04,2022-11-01,412.6581
RM0029-P05,RM0029,P05,2022-11-01,307.6964
RM0030-P01,RM0030,P01,2022-11-01,456.2309
RM0030-P02,RM0030,P02,2022-11-01,520.0415
RM0030-P03,RM0030,P03,2022-11-01,202.9815
RM0030-P04,RM0030,P04,2022-11-01,1321.6356
RM0031-P01,RM0031,P01,2022-11-01,487.3537
RM0031-P02,RM0031,P02,2022-11-01,1276.3771
RM0031-P03,RM0031,P03,2022-11-01,269.8736
RM0031-P04,RM0031,P04,2022-11-01,678.1631
RM0032-P01,RM0032,P01,2022-11-01,2152.2134
RM0032-P02,RM0032,P02,2022-11-01,1676.7286
RM0032-P03,RM0032,P03,2022-11-01,873.2438
RM0032-P04,RM0032,P04,2022-11-01,4187.1055
RM0032-P05,RM0032,P05,2022-11-01,3264.1653
RM0033-P01,RM0033,P01,2022-11-01,1044.1677
RM0033-P02,RM0033,P02,2022-11-01,2481.0134
RM0033-P03,RM0033,P03,2022-11-01,2860.8426
RM0033-P04,RM0033,P04,2022-11-01,7841.2895
RM0033-P05,RM0033,P05,2022-11-01,4538.5011
RM0034-P01,RM0034,P01,2022-11-01,646.3532
RM0034-P02,RM0034,P02,2022-11-01,1368.526
RM0034-P03,RM0034,P03,2022-11-01,2837.2651
RM0034-P04,RM0034,P04,2022-11-01,1870.1443
RM0034-P05,RM0034,P05,2022-11-01,5886.7262
RM0035-P01,RM0035,P01,2022-11-01,1218.0991
RM0035-P02,RM0035,P02,2022-11-01,1071.5298
RM0035-P03,RM0035,P03,2022-11-01,1126.7052
RM0035-P04,RM0035,P04,2022-11-01,1275.2823
RM0035-P05,RM0035,P05,2022-11-01,1009.101
RM0036-P01,RM0036,P01,2022-11-01,266.3962
RM0036-P02,RM0036,P02,2022-11-01,1005.4576
RM0036-P03,RM0036,P03,2022-11-01,1733.3023
RM0036-P04,RM0036,P04,2022-11-01,1081.4571
RM0036-P05,RM0036,P05,2022-11-01,447.6467
RM0037-P01,RM0037,P01,2022-11-01,354.1852
RM0037-P02,RM0037,P02,2022-11-01,714.1712
RM0037-P03,RM0037,P03,2022-11-01,746.8747
RM0037-P04,RM0037,P04,2022-11-01,1285.1644
RM0037-P05,RM0037,P05,2022-11-01,946.4223
RM0038-P01,RM0038,P01,2022-11-01,303.9239
RM0038-P02,RM0038,P02,2022-11-01,855.1362
RM0038-P03,RM0038,P03,2022-11-01,146.7066
RM0038-P04,RM0038,P04,2022-11-01,292.2832
RM0038-P05,RM0038,P05,2022-11-01,304.3278
RM0039-P01,RM0039,P01,2022-11-01,2.6935
RM0039-P02,RM0039,P02,2022-11-01,15.7904
RM0039-P03,RM0039,P03,2022-11-01,7.5746
RM0039-P04,RM0039,P04,2022-11-01,7.6019
RM0039-P05,RM0039,P05,2022-11-01,14.518
RM0040-P01,RM0040,P01,2022-11-01,2.4062
RM0040-P02,RM0040,P02,2022-11-01,2.5834
RM0040-P03,RM0040,P03,2022-11-01,20.2039
RM0040-P04,RM0040,P04,2022-11-01,17.2878
RM0040-P05,RM0040,P05,2022-11-01,8.1352
RM0041-P01,RM0041,P01,2022-11-01,4.3891
RM0041-P02,RM0041,P02,2022-11-01,0.4798
RM0041-P03,RM0041,P03,2022-11-01,19.2926
RM0041-P04,RM0041,P04,2022-11-01,5.4648
RM0041-P05,RM0041,P05,2022-11-01,8.6122
RM0042-P01,RM0042,P01,2022-11-01,15532.9886
RM0042-P02,RM0042,P02,2022-11-01,17656.275
RM0042-P03,RM0042,P03,2022-11-01,12111.8995
RM0042-P04,RM0042,P04,2022-11-01,35736.8548
RM0042-P05,RM0042,P05,2022-11-01,13290.6471
RM0043-P01,RM0043,P01,2022-11-01,4839.4677
RM0043-P02,RM0043,P02,2022-11-01,11503.3005
RM0043-P03,RM0043,P03,2022-11-01,11872.3425
RM0043-P04,RM0043,P04,2022-11-01,8534.4329
RM0043-P05,RM0043,P05,2022-11-01,16787.5764
RM0044-P01,RM0044,P01,2022-11-01,5001.3823
RM0044-P02,RM0044,P02,2022-11-01,14203.2682
RM0044-P03,RM0044,P03,2022-11-01,3655.866
RM0044-P04,RM0044,P04,2022-11-01,1861.2697
RM0044-P05,RM0044,P05,2022-11-01,5658.5089
RM0045-P01,RM0045,P01,2022-11-01,2145.9239
RM0045-P02,RM0045,P02,2022-11-01,8481.6361
RM0045-P03,RM0045,P03,2022-11-01,3539.2322
RM0045-P04,RM0045,P04,2022-11-01,2428.5492
RM0045-P05,RM0045,P05,2022-11-01,3911.4685
RM0046-P01,RM0046,P01,2022-11-01,10689.4385
RM0046-P02,RM0046,P02,2022-11-01,1503.3951
RM0046-P03,RM0046,P03,2022-11-01,4133.6893
RM0046-P04,RM0046,P04,2022-11-01,913.5985
RM0046-P05,RM0046,P05,2022-11-01,3391.1982
RM0047-P01,RM0047,P01,2022-11-01,1671.1082
RM0047-P02,RM0047,P02,2022-11-01,1611.897
RM0047-P03,RM0047,P03,2022-11-01,1460.5829
RM0047-P04,RM0047,P04,2022-11-01,4839.8701
RM0047-P05,RM0047,P05,2022-11-01,10086.5604
RM0048-P01,RM0048,P01,2022-11-01,53.9224
RM0048-P02,RM0048,P02,2022-11-01,67.9105
RM0048-P03,RM0048,P03,2022-11-01,63.1357
RM0048-P04,RM0048,P04,2022-11-01,137.0293
RM0048-P05,RM0048,P05,2022-11-01,46.6202
RM0049-P01,RM0049,P01,2022-11-01,17.3882
RM0049-P02,RM0049,P02,2022-11-01,50.9917
RM0049-P03,RM0049,P03,2022-11-01,36.0893
RM0049-P04,RM0049,P04,2022-11-01,51.3099
RM0049-P05,RM0049,P05,2022-11-01,33.2526
RM0050-P01,RM0050,P01,2022-11-01,8.6633
RM0050-P02,RM0050,P02,2022-11-01,74.1241
RM0050-P03,RM0050,P03,2022-11-01,22.249
RM0050-P04,RM0050,P04,2022-11-01,61.1961
RM0050-P05,RM0050,P05,2022-11-01,14.0021
RM0051-P01,RM0051,P01,2022-11-01,4.1318
RM0051-P02,RM0051,P02,2022-11-01,44.7286
RM0051-P03,RM0051,P03,2022-11-01,8.0654
RM0051-P04,RM0051,P04,2022-11-01,8.0492
RM0051-P05,RM0051,P05,2022-11-01,16.5865
RM0052-P01,RM0052,P01,2022-11-01,10.9071
RM0052-P02,RM0052,P02,2022-11-01,33.4815
RM0052-P03,RM0052,P03,2022-11-01,28.7292
RM0052-P04,RM0052,P04,2022-11-01,29.4808
RM0052-P05,RM0052,P05,2022-11-01,11.5451
RM0053-P01,RM0053,P01,2022-11-01,5.12
RM0053-P02,RM0053,P02,2022-11-01,35.6611
RM0053-P03,RM0053,P03,2022-11-01,32.7031
RM0053-P04,RM0053,P04,2022-11-01,6.9701
RM0053-P05,RM0053,P05,2022-11-01,18.3828
RM0054-P01,RM0054,P01,2022-11-01,13.0589
RM0054-P02,RM0054,P02,2022-11-01,11.9084
RM0054-P03,RM0054,P03,2022-11-01,23.8598
RM0054-P04,RM0054,P04,2022-11-01,14.0798
RM0054-P05,RM0054,P05,2022-11-01,8.4955
RM0055-P01,RM0055,P01,2022-11-01,6.8549
RM0055-P02,RM0055,P02,2022-11-01,21.3255
RM0055-P03,RM0055,P03,2022-11-01,4.2596
RM0055-P04,RM0055,P04,2022-11-01,3.497
RM0055-P05,RM0055,P05,2022-11-01,28.8903
RM0056-P03,RM0056,P03,2022-11-01,10.9963
RM0056-P04,RM0056,P04,2022-11-01,7.1548
RM0056-P05,RM0056,P05,2022-11-01,5.1607
RM0057-P01,RM0057,P01,2022-11-01,17.7762
RM0057-P02,RM0057,P02,2022-11-01,42.1552
RM0057-P03,RM0057,P03,2022-11-01,10.4686
RM0057-P04,RM0057,P04,2022-11-01,45.8496
RM0057-P05,RM0057,P05,2022-11-01,8.7952
RM0058-P01,RM0058,P01,2022-11-01,15.6605
RM0058-P02,RM0058,P02,2022-11-01,7.2745
RM0058-P03,RM0058,P03,2022-11-01,13.7368
RM0058-P04,RM0058,P04,2022-11-01,1.7583
RM0058-P05,RM0058,P05,2022-11-01,29.0996
RM0059-P01,RM0059,P01,2022-11-01,4.3352
RM0059-P02,RM0059,P02,2022-11-01,6.8846
RM0059-P03,RM0059,P03,2022-11-01,3.7837
RM0059-P04,RM0059,P04,2022-11-01,3.4976
RM0059-P05,RM0059,P05,2022-11-01,22.9457
RM0060-P01,RM0060,P01,2022-11-01,13.5674
RM0060-P02,RM0060,P02,2022-11-01,4.4403
RM0060-P03,RM0060,P03,2022-11-01,6.203
RM0060-P04,RM0060,P04,2022-11-01,1.8435
RM0060-P05,RM0060,P05,2022-11-01,14.3321
RM0061-P01,RM0061,P01,2022-11-01,531.248
RM0061-P02,RM0061,P02,2022-11-01,499.3967
RM0061-P03,RM0061,P03,2022-11-01,692.9685
RM0061-P04,RM0061,P04,2022-11-01,375.4617
RM0061-P05,RM0061,P05,2022-11-01,514.4375
RM0062-P01,RM0062,P01,2022-11-01,645.8138
RM0062-P02,RM0062,P02,2022-11-01,539.4434
RM0062-P03,RM0062,P03,2022-11-01,339.3623
RM0062-P04,RM0062,P04,2022-11-01,1321.5557
RM0062-P05,RM0062,P05,2022-11-01,312.6802
RM0063-P01,RM0063,P01,2022-11-01,148.7381
RM0063-P02,RM0063,P02,2022-11-01,474.9363
RM0063-P03,RM0063,P03,2022-11-01,630.726
RM0063-P04,RM0063,P04,2022-11-01,1781.1716
RM0063-P05,RM0063,P05,2022-11-01,426.9721
RM0064-P01,RM0064,P01,2022-11-01,659.9517
RM0064-P03,RM0064,P03,2022-11-01,165.439
RM0064-P04,RM0064,P04,2022-11-01,470.564
RM0064-P05,RM0064,P05,2022-11-01,124.2694
RM0065-P01,RM0065,P01,2022-11-01,891.7338
RM0065-P02,RM0065,P02,2022-11-01,232.3298
RM0065-P03,RM0065,P03,2022-11-01,468.5533
RM0065-P04,RM0065,P04,2022-11-01,802.125
RM0065-P05,RM0065,P05,2022-11-01,1186.6825
RM0066-P01,RM0066,P01,2022-11-01,476.3616
RM0066-P02,RM0066,P02,2022-11-01,418.4142
RM0066-P03,RM0066,P03,2022-11-01,332.222
RM0066-P04,RM0066,P04,2022-11-01,252.3436
RM0066-P05,RM0066,P05,2022-11-01,227.8348
RM0067-P01,RM0067,P01,2022-11-01,283.8837
RM0067-P02,RM0067,P02,2022-11-01,700.2468
RM0067-P03,RM0067,P03,2022-11-01,307.5153
RM0067-P04,RM0067,P04,2022-11-01,161.8022
RM0068-P01,RM0068,P01,2022-11-01,196.7375
RM0068-P02,RM0068,P02,2022-11-01,1462.2691
RM0068-P03,RM0068,P03,2022-11-01,146.3225
RM0068-P04,RM0068,P04,2022-11-01,340.9094
RM0068-P05,RM0068,P05,2022-11-01,431.7862
RM0069-P01,RM0069,P01,2022-11-01,902.988
RM0069-P02,RM0069,P02,2022-11-01,636.2648
RM0069-P03,RM0069,P03,2022-11-01,908.6065
RM0069-P04,RM0069,P04,2022-11-01,2719.5653
RM0069-P05,RM0069,P05,2022-11-01,530.2012
RM0070-P01,RM0070,P01,2022-11-01,759.4917
RM0070-P02,RM0070,P02,2022-11-01,1148.0284
RM0070-P03,RM0070,P03,2022-11-01,2196.3522
RM0070-P04,RM0070,P04,2022-11-01,407.1599
RM0070-P05,RM0070,P05,2022-11-01,426.1521
RM0071-P01,RM0071,P01,2022-11-01,487.4337
RM0071-P02,RM0071,P02,2022-11-01,560.0642
RM0071-P03,RM0071,P03,2022-11-01,1681.3689
RM0071-P04,RM0071,P04,2022-11-01,964.9739
RM0071-P05,RM0071,P05,2022-11-01,554.7824
RM0072-P01,RM0072,P01,2022-11-01,238.9564
RM0072-P02,RM0072,P02,2022-11-01,176.1859
RM0072-P03,RM0072,P03,2022-11-01,761.3154
RM0072-P04,RM0072,P04,2022-11-01,1463.5682
RM0072-P05,RM0072,P05,2022-11-01,220.3688
RM0073-P01,RM0073,P01,2022-11-01,728.5601
RM0073-P02,RM0073,P02,2022-11-01,412.4642
RM0073-P03,RM0073,P03,2022-11-01,578.4272
RM0073-P04,RM0073,P04,2022-11-01,221.8561
RM0073-P05,RM0073,P05,2022-11-01,289.1589
RM0074-P01,RM0074,P01,2022-11-01,464.7407
RM0074-P02,RM0074,P02,2022-11-01,112.2748
RM0074-P03,RM0074,P03,2022-11-01,419.9849
RM0074-P04,RM0074,P04,2022-11-01,556.0464
RM0074-P05,RM0074,P05,2022-11-01,162.4808
RM0075-P01,RM0075,P01,2022-11-01,332.8344
RM0075-P02,RM0075,P02,2022-11-01,516.8832
RM0075-P04,RM0075,P04,2022-11-01,695.2623
RM0075-P05,RM0075,P05,2022-11-01,269.3396
RM0076-P01,RM0076,P01,2022-11-01,1928.128
RM0076-P02,RM0076,P02,2022-11-01,594.5786
RM0076-P03,RM0076,P03,2022-11-01,1171.7924
RM0076-P04,RM0076,P04,2022-11-01,808.2033
RM0076-P05,RM0076,P05,2022-11-01,2744.0188
RM0077-P01,RM0077,P01,2022-11-01,523.2167
RM0077-P02,RM0077,P02,2022-11-01,792.8831
RM0077-P03,RM0077,P03,2022-11-01,1695.493
RM0077-P04,RM0077,P04,2022-11-01,1582.673
RM0077-P05,RM0077,P05,2022-11-01,1438.5479
RM0078-P01,RM0078,P01,2022-11-01,1202.3205
RM0078-P02,RM0078,P02,2022-11-01,1268.9281
RM0078-P03,RM0078,P03,2022-11-01,395.1231
RM0078-P04,RM0078,P04,2022-11-01,349.4739
RM0078-P05,RM0078,P05,2022-11-01,422.3026
RM0079-P01,RM0079,P01,2022-11-01,529.4574
RM0079-P02,RM0079,P02,2022-11-01,506.588
RM0079-P03,RM0079,P03,2022-11-01,730.2968
RM0079-P04,RM0079,P04,2022-11-01,82.9625
RM0079-P05,RM0079,P05,2022-11-01,58.1309
RM0080-P01,RM0080,P01,2022-11-01,158.3461
RM0080-P02,RM0080,P02,2022-11-01,1113.521
RM0080-P03,RM0080,P03,2022-11-01,447.1258
RM0080-P04,RM0080,P04,2022-11-01,255.7742
RM0080-P05,RM0080,P05,2022-11-01,600.5365
RM0081-P01,RM0081,P01,2022-11-01,629.3381
RM0081-P02,RM0081,P02,2022-11-01,88.11
RM0081-P03,RM0081,P03,2022-11-01,445.9915
RM0081-P04,RM0081,P04,2022-11-01,202.599
RM0081-P05,RM0081,P05,2022-11-01,63.3923
RM0082-P01,RM0082,P01,2022-11-01,1573.6746
RM0082-P02,RM0082,P02,2022-11-01,1973.5369
RM0082-P03,RM0082,P03,2022-11-01,1991.2635
RM0082-P04,RM0082,P04,2022-11-01,1765.8566
RM0082-P05,RM0082,P05,2022-11-01,1591.3989
RM0083-P01,RM0083,P01,2022-11-01,835.3791
RM0083-P02,RM0083,P02,2022-11-01,1434.3814
RM0083-P03,RM0083,P03,2022-11-01,1555.7344
RM0083-P04,RM0083,P04,2022-11-01,335.3948
RM0083-P05,RM0083,P05,2022-11-01,369.816
RM0084-P01,RM0084,P01,2022-11-01,1217.8986
RM0084-P02,RM0084,P02,2022-11-01,743.1822
RM0084-P03,RM0084,P03,2022-11-01,647.9516
RM0084-P04,RM0084,P04,2022-11-01,585.3402
RM0084-P05,RM0084,P05,2022-11-01,1777.4052
RM0085-P01,RM0085,P01,2022-11-01,489.025
RM0085-P02,RM0085,P02,2022-11-01,275.3905
RM0085-P03,RM0085,P03,2022-11-01,547.0962
RM0085-P04,RM0085,P04,2022-11-01,300.897
RM0085-P05,RM0085,P05,2022-11-01,595.2032
RM0086-P01,RM0086,P01,2022-11-01,218.9017
RM0086-P02,RM0086,P02,2022-11-01,560.5773
RM0086-P03,RM0086,P03,2022-11-01,928.292
RM0086-P04,RM0086,P04,2022-11-01,1214.2685
RM0086-P05,RM0086,P05,2022-11-01,192.5697
RM0087-P01,RM0087,P01,2022-11-01,492.1474
RM0087-P02,RM0087,P02,2022-11-01,234.2805
RM0087-P03,RM0087,P03,2022-11-01,258.0271
RM0087-P04,RM0087,P04,2022-11-01,320.9675
RM0087-P05,RM0087,P05,2022-11-01,438.2096
RM0088-P01,RM0088,P01,2022-11-01,392.5819
RM0088-P02,RM0088,P02,2022-11-01,336.6166
RM0088-P03,RM0088,P03,2022-11-01,277.1344
RM0088-P04,RM0088,P04,2022-11-01,271.8905
RM0088-P05,RM0088,P05,2022-11-01,588.4922
RM0089-P01,RM0089,P01,2022-11-01,93.7406
RM0089-P02,RM0089,P02,2022-11-01,136.7711
RM0089-P03,RM0089,P03,2022-11-01,111.082
RM0089-P04,RM0089,P04,2022-11-01,706.017
RM0089-P05,RM0089,P05,2022-11-01,522.427
RM0090-P01,RM0090,P01,2022-11-01,168.3071
RM0090-P02,RM0090,P02,2022-11-01,282.5441
RM0090-P03,RM0090,P03,2022-11-01,106.7774
RM0090-P04,RM0090,P04,2022-11-01,101.1984
RM0090-P05,RM0090,P05,2022-11-01,84.9368
RM0091-P01,RM0091,P01,2022-11-01,421.5871
RM0091-P02,RM0091,P02,2022-11-01,318.3238
RM0091-P03,RM0091,P03,2022-11-01,395.4723
RM0091-P04,RM0091,P04,2022-11-01,141.2265
RM0091-P05,RM0091,P05,2022-11-01,280.814
RM0092-P01,RM0092,P01,2022-11-01,182.4565
RM0092-P02,RM0092,P02,2022-11-01,95.7724
RM0092-P03,RM0092,P03,2022-11-01,89.298
RM0092-P04,RM0092,P04,2022-11-01,144.3539
RM0092-P05,RM0092,P05,2022-11-01,208.5488
RM0093-P01,RM0093,P01,2022-11-01,81.6589
RM0093-P02,RM0093,P02,2022-11-01,338.5295
RM0093-P04,RM0093,P04,2022-11-01,181.2846
RM0094-P01,RM0094,P01,2022-11-01,94.76
RM0094-P03,RM0094,P03,2022-11-01,274.3266
RM0094-P04,RM0094,P04,2022-11-01,49.5692
RM0094-P05,RM0094,P05,2022-11-01,321.9077
RM0095-P01,RM0095,P01,2022-11-01,187.2311
RM0095-P02,RM0095,P02,2022-11-01,589.7471
RM0095-P03,RM0095,P03,2022-11-01,205.5185
RM0095-P04,RM0095,P04,2022-11-01,498.6836
RM0095-P05,RM0095,P05,2022-11-01,359.9629
RM0096-P02,RM0096,P02,2022-11-01,142.6273
RM0096-P03,RM0096,P03,2022-11-01,879.5931
RM0096-P04,RM0096,P04,2022-11-01,421.843
RM0096-P05,RM0096,P05,2022-11-01,204.2086
RM0097-P02,RM0097,P02,2022-11-01,283.2325
RM0097-P03,RM0097,P03,2022-11-01,163.384
RM0097-P04,RM0097,P04,2022-11-01,68.4249
RM0097-P05,RM0097,P05,2022-11-01,160.1938
RM0098-P01,RM0098,P01,2022-11-01,325.7692
RM0098-P02,RM0098,P02,2022-11-01,109.2363
RM0098-P03,RM0098,P03,2022-11-01,68.6472
RM0098-P04,RM0098,P04,2022-11-01,236.0192
RM0098-P05,RM0098,P05,2022-11-01,25.1664
RM0099-P01,RM0099,P01,2022-11-01,68.0466
RM0099-P02,RM0099,P02,2022-11-01,40.4476
RM0099-P03,RM0099,P03,2022-11-01,382.1982
RM0099-P05,RM0099,P05,2022-11-01,77.0881
RM0100-P01,RM0100,P01,2022-11-01,158.5809
RM0100-P02,RM0100,P02,2022-11-01,1075.4599
RM0100-P03,RM0100,P03,2022-11-01,290.6223
RM0100-P04,RM0100,P04,2022-11-01,167.0227
RM0100-P05,RM0100,P05,2022-11-01,68.819
RM0101-P01,RM0101,P01,2022-11-01,478.5909
RM0101-P02,RM0101,P02,2022-11-01,790.8852
RM0101-P03,RM0101,P03,2022-11-01,294.958
RM0101-P04,RM0101,P04,2022-11-01,177.2949
RM0101-P05,RM0101,P05,2022-11-01,94.2995
RM0102-P01,RM0102,P01,2022-11-01,118.6062
RM0102-P02,RM0102,P02,2022-11-01,371.9741
RM0102-P03,RM0102,P03,2022-11-01,414.6262
RM0102-P04,RM0102,P04,2022-11-01,574.3772
RM0102-P05,RM0102,P05,2022-11-01,85.4714
RM0103-P01,RM0103,P01,2022-11-01,239.2264
RM0103-P02,RM0103,P02,2022-11-01,161.327
RM0103-P03,RM0103,P03,2022-11-01,109.1712
RM0103-P04,RM0103,P04,2022-11-01,76.4855
RM0103-P05,RM0103,P05,2022-11-01,208.7848
RM0104-P01,RM0104,P01,2022-11-01,235.9492
RM0104-P02,RM0104,P02,2022-11-01,51.2994
RM0104-P03,RM0104,P03,2022-11-01,99.735
RM0104-P04,RM0104,P04,2022-11-01,70.8048
RM0104-P05,RM0104,P05,2022-11-01,62.9867
RM0105-P01,RM0105,P01,2022-11-01,2136.3105
RM0105-P02,RM0105,P02,2022-11-01,733.1639
RM0105-P03,RM0105,P03,2022-11-01,249.4024
RM0105-P04,RM0105,P04,2022-11-01,688.9942
RM0105-P05,RM0105,P05,2022-11-01,1703.5711
RM0106-P01,RM0106,P01,2022-11-01,660.3843
RM0106-P02,RM0106,P02,2022-11-01,589.8553
RM0106-P03,RM0106,P03,2022-11-01,490.2769
RM0106-P04,RM0106,P04,2022-11-01,580.1835
RM0106-P05,RM0106,P05,2022-11-01,234.2485
RM0107-P02,RM0107,P02,2022-11-01,363.6632
RM0107-P03,RM0107,P03,2022-11-01,309.3893
RM0107-P04,RM0107,P04,2022-11-01,499.1792
RM0107-P05,RM0107,P05,2022-11-01,411.1275
RM0108-P01,RM0108,P01,2022-11-01,177.2813
RM0108-P02,RM0108,P02,2022-11-01,247.1712
RM0108-P03,RM0108,P03,2022-11-01,197.7712
RM0108-P04,RM0108,P04,2022-11-01,258.9127
RM0108-P05,RM0108,P05,2022-11-01,74.9998
RM0109-P01,RM0109,P01,2022-11-01,233.7406
RM0109-P02,RM0109,P02,2022-11-01,705.2761
RM0109-P03,RM0109,P03,2022-11-01,1179.9256
RM0109-P04,RM0109,P04,2022-11-01,489.5579
RM0109-P05,RM0109,P05,2022-11-01,985.5671
RM0110-P01,RM0110,P01,2022-11-01,4007.0935
RM0110-P02,RM0110,P02,2022-11-01,7007.4598
RM0110-P03,RM0110,P03,2022-11-01,3009.3903
RM0110-P04,RM0110,P04,2022-11-01,5930.7836
RM0110-P05,RM0110,P05,2022-11-01,5007.091
RM0111-P01,RM0111,P01,2022-11-01,5182.5514
RM0111-P02,RM0111,P02,2022-11-01,2766.867
RM0111-P03,RM0111,P03,2022-11-01,4065.092
RM0111-P04,RM0111,P04,2022-11-01,2996.187
RM0111-P05,RM0111,P05,2022-11-01,3502.3588
RM0112-P01,RM0112,P01,2022-11-01,2986.5989
RM0112-P02,RM0112,P02,2022-11-01,3790.2472
RM0112-P03,RM0112,P03,2022-11-01,2927.8255
RM0112-P04,RM0112,P04,2022-11-01,1780.7134
RM0112-P05,RM0112,P05,2022-11-01,1046.4272
RM0113-P01,RM0113,P01,2022-11-01,5856.0255
RM0113-P02,RM0113,P02,2022-11-01,2098.7537
RM0113-P03,RM0113,P03,2022-11-01,2433.4828
RM0113-P04,RM0113,P04,2022-11-01,4211.2182
RM0113-P05,RM0113,P05,2022-11-01,1353.4633
RM0114-P01,RM0114,P01,2022-11-01,740.3181
RM0114-P02,RM0114,P02,2022-11-01,2621.4164
RM0114-P03,RM0114,P03,2022-11-01,787.5583
RM0114-P04,RM0114,P04,2022-11-01,887.7564
RM0114-P05,RM0114,P05,2022-11-01,1122.9732
RM0115-P01,RM0115,P01,2022-11-01,1338.6998
RM0115-P02,RM0115,P02,2022-11-01,603.636
RM0115-P03,RM0115,P03,2022-11-01,537.9818
RM0115-P05,RM0115,P05,2022-11-01,1314.0409
RM0116-P01,RM0116,P01,2022-11-01,2267.1869
RM0116-P02,RM0116,P02,2022-11-01,1075.7909
RM0116-P03,RM0116,P03,2022-11-01,1058.9024
RM0116-P04,RM0116,P04,2022-11-01,2163.1042
RM0116-P05,RM0116,P05,2022-11-01,1199.8171
RM0117-P01,RM0117,P01,2022-11-01,1848.2036
RM0117-P02,RM0117,P02,2022-11-01,464.1112
RM0117-P03,RM0117,P03,2022-11-01,1479.9826
RM0117-P04,RM0117,P04,2022-11-01,2302.2714
RM0117-P05,RM0117,P05,2022-11-01,142.3645
RM0118-P01,RM0118,P01,2022-11-01,249.2671
RM0118-P02,RM0118,P02,2022-11-01,354.0621
RM0118-P03,RM0118,P03,2022-11-01,131.6145
RM0118-P04,RM0118,P04,2022-11-01,92.3063
RM0118-P05,RM0118,P05,2022-11-01,179.6662
RM0119-P01,RM0119,P01,2022-11-01,47.5408
RM0119-P02,RM0119,P02,2022-11-01,22.4995
RM0119-P03,RM0119,P03,2022-11-01,53.7261
RM0119-P04,RM0119,P04,2022-11-01,231.6297
RM0119-P05,RM0119,P05,2022-11-01,31.6345
RM0120-P02,RM0120,P02,2022-11-01,69.2394
RM0120-P03,RM0120,P03,2022-11-01,55.7894
RM0120-P04,RM0120,P04,2022-11-01,248.8036
RM0120-P05,RM0120,P05,2022-11-01,10.8878
RM0121-P01,RM0121,P01,2022-11-01,113.7471
RM0121-P02,RM0121,P02,2022-11-01,78.5971
RM0121-P03,RM0121,P03,2022-11-01,92.0618
RM0121-P05,RM0121,P05,2022-11-01,29.8736
RM0122-P01,RM0122,P01,2022-11-01,1427.698
RM0122-P02,RM0122,P02,2022-11-01,3459.1796
RM0122-P03,RM0122,P03,2022-11-01,3407.4913
RM0122-P04,RM0122,P04,2022-11-01,4161.8268
RM0122-P05,RM0122,P05,2022-11-01,1295.6289
RM0123-P01,RM0123,P01,2022-11-01,651.567
RM0123-P02,RM0123,P02,2022-11-01,2230.0323
RM0123-P03,RM0123,P03,2022-11-01,1842.9835
RM0123-P04,RM0123,P04,2022-11-01,844.6441
RM0123-P05,RM0123,P05,2022-11-01,610.8176
RM0124-P01,RM0124,P01,2022-11-01,379.0916
RM0124-P02,RM0124,P02,2022-11-01,706.5963
RM0124-P03,RM0124,P03,2022-11-01,804.994
RM0124-P04,RM0124,P04,2022-11-01,1548.0661
RM0124-P05,RM0124,P05,2022-11-01,508.7097
RM0125-P01,RM0125,P01,2022-11-01,386.9524
RM0125-P02,RM0125,P02,2022-11-01,1915.7016
RM0125-P03,RM0125,P03,2022-11-01,580.0311
RM0125-P04,RM0125,P04,2022-11-01,1426.4737
RM0125-P05,RM0125,P05,2022-11-01,440.3268
RM0126-P01,RM0126,P01,2022-11-01,274.6433
RM0126-P02,RM0126,P02,2022-11-01,224.7188
RM0126-P03,RM0126,P03,2022-11-01,1148.0303
RM0126-P04,RM0126,P04,2022-11-01,370.722
RM0126-P05,RM0126,P05,2022-11-01,288.3026
RM0127-P01,RM0127,P01,2022-11-01,513.5425
RM0127-P02,RM0127,P02,2022-11-01,1045.7036
RM0127-P03,RM0127,P03,2022-11-01,1120.3763
RM0127-P04,RM0127,P04,2022-11-01,518.8558
RM0127-P05,RM0127,P05,2022-11-01,1100.0997
RM0128-P01,RM0128,P01,2022-11-01,343.6648
RM0128-P02,RM0128,P02,2022-11-01,671.7485
RM0128-P03,RM0128,P03,2022-11-01,373.4125
RM0128-P04,RM0128,P04,2022-11-01,509.8431
RM0128-P05,RM0128,P05,2022-11-01,1098.1028
RM0129-P01,RM0129,P01,2022-11-01,217.1085
RM0129-P02,RM0129,P02,2022-11-01,416.5257
RM0129-P03,RM0129,P03,2022-11-01,373.6836
RM0129-P04,RM0129,P04,2022-11-01,301.5833
RM0129-P05,RM0129,P05,2022-11-01,919.4885
RM0130-P01,RM0130,P01,2022-11-01,335.6096
RM0130-P02,RM0130,P02,2022-11-01,374.6157
RM0130-P03,RM0130,P03,2022-11-01,567.5083
RM0130-P04,RM0130,P04,2022-11-01,442.6019
RM0130-P05,RM0130,P05,2022-11-01,150.1232
RM0131-P01,RM0131,P01,2022-11-01,424.0901
RM0131-P02,RM0131,P02,2022-11-01,619.432
RM0131-P03,RM0131,P03,2022-11-01,968.6568
RM0131-P04,RM0131,P04,2022-11-01,584.5328
RM0131-P05,RM0131,P05,2022-11-01,232.5183
RM0132-P01,RM0132,P01,2022-11-01,1587.1673
RM0132-P02,RM0132,P02,2022-11-01,3599.8732
RM0132-P03,RM0132,P03,2022-11-01,3327.6722
RM0132-P04,RM0132,P04,2022-11-01,1668.6247
RM0132-P05,RM0132,P05,2022-11-01,1988.3009
RM0133-P01,RM0133,P01,2022-11-01,1974.3709
RM0133-P02,RM0133,P02,2022-11-01,1662.2659
RM0133-P03,RM0133,P03,2022-11-01,3100.5059
RM0133-P04,RM0133,P04,2022-11-01,758.0457
RM0133-P05,RM0133,P05,2022-11-01,938.119
RM0134-P01,RM0134,P01,2022-11-01,1079.3184
RM0134-P02,RM0134,P02,2022-11-01,963.5202
RM0134-P03,RM0134,P03,2022-11-01,705.4637
RM0134-P04,RM0134,P04,2022-11-01,943.9815
RM0134-P05,RM0134,P05,2022-11-01,831.457
