catalog_line_id,rm_id,supplier_id,sourcing_rank,allocation_pct,lead_time_days,moq,unit_price,price_valid_from,price_valid_to,contract_id,qualified_flag
CAT00001,RM0001,SUP0076,tertiary,5.0,38,700.0,0.4629,2022-01-01,2023-12-31,CT00075,1
CAT00002,RM0001,SUP0051,primary,67.7,41,700.0,0.39,2022-03-01,2023-02-28,CT00053,1
CAT00003,RM0001,SUP0079,secondary,27.3,34,800.0,0.4383,2022-08-01,2023-07-31,CT00077,1
CAT00004,RM0001,SUP0051,primary,67.7,41,700.0,0.4064,2023-03-01,2025-02-28,CT00054,1
CAT00005,RM0001,SUP0079,secondary,27.3,34,800.0,0.4264,2023-08-01,2025-07-31,CT00078,1
CAT00006,RM0001,SUP0076,tertiary,5.0,38,700.0,0.4623,2024-01-01,,CT00076,1
CAT00007,RM0001,SUP0051,primary,67.7,41,700.0,0.4061,2025-03-01,,CT00055,1
CAT00008,RM0001,SUP0079,secondary,27.3,34,800.0,0.4454,2025-08-01,,CT00079,1
CAT00009,RM0002,SUP0153,secondary,21.0,15,150.0,0.4709,2022-01-01,2023-12-31,CT00176,1
CAT00010,RM0002,SUP0136,primary,79.0,51,150.0,0.4128,2022-05-01,2023-04-30,CT00144,1
CAT00011,RM0002,SUP0136,primary,79.0,51,150.0,0.4279,2023-05-01,2025-04-30,CT00145,1
CAT00012,RM0002,SUP0153,secondary,21.0,15,150.0,0.4941,2024-01-01,,CT00177,1
CAT00013,RM0002,SUP0136,primary,79.0,51,150.0,0.4294,2025-05-01,,CT00146,1
CAT00014,RM0003,SUP0089,primary,65.8,27,3000.0,0.188,2022-07-01,2023-06-30,CT00091,1
CAT00015,RM0003,SUP0129,secondary,34.2,50,3500.0,0.1966,2022-11-01,2024-05-06,CT00132,1
CAT00016,RM0003,SUP0089,primary,65.8,27,3000.0,0.1888,2023-07-01,2024-05-06,CT00092,1
CAT00017,RM0003,SUP0129,primary,65.8,50,3500.0,0.1966,2024-05-07,2024-10-31,CT00132,1
CAT00018,RM0003,SUP0089,secondary,34.2,27,3000.0,0.1888,2024-05-07,2024-06-30,CT00092,1
CAT00019,RM0003,SUP0089,secondary,34.2,27,3000.0,0.1891,2024-07-01,2025-06-30,CT00093,1
CAT00020,RM0003,SUP0129,primary,65.8,50,3500.0,0.2072,2024-11-01,2025-10-31,CT00133,1
CAT00021,RM0003,SUP0089,secondary,34.2,27,3000.0,0.1993,2025-07-01,,CT00094,1
CAT00022,RM0003,SUP0129,primary,65.8,50,3500.0,0.2031,2025-11-01,,CT00134,1
CAT00023,RM0004,SUP0115,secondary,36.5,13,35.0,4.9716,2022-02-01,2024-01-31,CT00116,1
CAT00024,RM0004,SUP0033,primary,63.5,52,25.0,4.6086,2022-04-01,2023-03-31,CT00037,1
CAT00025,RM0004,SUP0033,primary,63.5,52,25.0,4.7678,2023-04-01,2025-03-31,CT00038,1
CAT00026,RM0004,SUP0115,secondary,36.5,13,35.0,4.8555,2024-02-01,,CT00117,1
CAT00027,RM0004,SUP0033,primary,63.5,52,25.0,5.0419,2025-04-01,,CT00039,1
CAT00028,RM0005,SUP0202,primary,100.0,28,200.0,4.4593,2022-07-01,2024-06-30,CT00243,1
CAT00029,RM0005,SUP0202,primary,100.0,28,200.0,4.5177,2024-07-01,2025-06-30,CT00244,1
CAT00030,RM0005,SUP0202,primary,100.0,28,200.0,4.3866,2025-07-01,,CT00245,1
CAT00031,RM0006,SUP0109,secondary,37.6,6,2500.0,2.5668,2022-03-01,2022-12-31,CT00111,1
CAT00032,RM0006,SUP0086,primary,62.4,56,2500.0,2.4073,2022-05-01,2022-12-31,CT00086,1
CAT00033,RM0006,SUP0086,primary,62.4,56,2500.0,2.6883,2023-01-01,2023-12-31,CT00086,1
CAT00034,RM0006,SUP0109,secondary,37.6,6,2500.0,2.8122,2023-01-01,2023-12-31,CT00111,1
CAT00035,RM0006,SUP0086,primary,62.4,56,2500.0,2.8655,2024-01-01,2024-04-30,CT00086,1
CAT00036,RM0006,SUP0109,secondary,37.6,6,2500.0,3.0303,2024-01-01,2024-02-29,CT00111,1
CAT00037,RM0006,SUP0109,secondary,37.6,6,2500.0,3.1084,2024-03-01,2024-12-31,CT00112,1
CAT00038,RM0006,SUP0086,primary,62.4,56,2500.0,2.8556,2024-05-01,2024-12-31,CT00087,1
CAT00039,RM0006,SUP0086,primary,62.4,56,2500.0,3.1559,2025-01-01,,CT00087,1
CAT00040,RM0006,SUP0109,secondary,37.6,6,2500.0,3.4688,2025-01-01,,CT00112,1
CAT00041,RM0007,SUP0138,primary,100.0,58,400.0,0.6717,2022-04-01,2024-03-31,CT00150,1
CAT00042,RM0007,SUP0138,primary,100.0,58,400.0,0.6775,2024-04-01,2025-03-31,CT00151,1
CAT00043,RM0007,SUP0138,primary,100.0,58,400.0,0.6705,2025-04-01,,CT00152,1
CAT00044,RM0008,SUP0240,secondary,32.3,18,200.0,0.3993,2022-05-01,2023-04-30,CT00301,1
CAT00045,RM0008,SUP0241,primary,67.7,17,95.0,0.3752,2022-10-01,2023-09-30,CT00304,1
CAT00046,RM0008,SUP0240,secondary,32.3,18,200.0,0.4052,2023-05-01,2025-04-30,CT00302,1
CAT00047,RM0008,SUP0241,primary,67.7,17,95.0,0.3688,2023-10-01,2025-09-30,CT00305,1
CAT00048,RM0008,SUP0240,secondary,32.3,18,200.0,0.4193,2025-05-01,,CT00303,1
CAT00049,RM0008,SUP0241,primary,67.7,17,95.0,0.3843,2025-10-01,,CT00306,1
CAT00050,RM0009,SUP0153,secondary,37.8,13,2500.0,0.222,2022-01-01,2023-12-31,CT00176,1
CAT00051,RM0009,SUP0011,primary,62.2,52,3000.0,0.2263,2022-05-01,2023-04-30,CT00008,1
CAT00052,RM0009,SUP0011,primary,62.2,52,3000.0,0.2388,2023-05-01,2024-04-30,CT00009,1
CAT00053,RM0009,SUP0153,secondary,37.8,13,2500.0,0.2321,2024-01-01,,CT00177,1
CAT00054,RM0009,SUP0011,primary,62.2,52,3000.0,0.2517,2024-05-01,2025-04-30,CT00010,1
CAT00055,RM0009,SUP0011,primary,62.2,52,3000.0,0.2475,2025-05-01,,CT00011,1
CAT00056,RM0010,SUP0118,secondary,26.6,59,30.0,9.0532,2022-03-01,2024-02-29,CT00118,1
CAT00057,RM0010,SUP0054,primary,73.4,9,25.0,8.166,2022-07-01,2024-06-30,CT00059,1
CAT00058,RM0010,SUP0118,secondary,26.6,59,30.0,9.2056,2024-03-01,,CT00119,1
CAT00059,RM0010,SUP0054,primary,73.4,9,25.0,7.9663,2024-07-01,,CT00060,1
CAT00060,RM0011,SUP0054,primary,66.4,10,200.0,5.7282,2022-07-01,2024-06-30,CT00059,1
CAT00061,RM0011,SUP0161,secondary,28.6,50,80.0,6.3188,2022-08-01,2023-07-31,CT00180,1
CAT00062,RM0011,SUP0145,tertiary,5.0,34,150.0,6.7035,2022-09-01,2024-08-31,CT00164,0
CAT00063,RM0011,SUP0161,secondary,28.6,50,80.0,6.6656,2023-08-01,2025-07-31,CT00181,1
CAT00064,RM0011,SUP0054,primary,66.4,10,200.0,5.6947,2024-07-01,,CT00060,1
CAT00065,RM0011,SUP0145,tertiary,5.0,34,150.0,6.726,2024-09-01,2025-08-31,CT00165,0
CAT00066,RM0011,SUP0161,secondary,28.6,50,80.0,6.99,2025-08-01,,CT00182,1
CAT00067,RM0011,SUP0145,tertiary,5.0,34,150.0,6.8832,2025-09-01,,CT00166,0
CAT00068,RM0012,SUP0010,primary,73.0,55,2000.0,2.4589,2022-03-01,2022-12-31,CT00004,1
CAT00069,RM0012,SUP0219,secondary,27.0,22,700.0,2.7652,2022-07-01,2022-12-31,CT00267,1
CAT00070,RM0012,SUP0010,primary,73.0,55,2000.0,2.7235,2023-01-01,2023-02-28,CT00004,1
CAT00071,RM0012,SUP0219,secondary,27.0,22,700.0,3.0642,2023-01-01,2023-12-31,CT00267,1
CAT00072,RM0012,SUP0010,primary,73.0,55,2000.0,2.6501,2023-03-01,2023-12-31,CT00005,1
CAT00073,RM0012,SUP0010,primary,73.0,55,2000.0,2.9122,2024-01-01,2024-02-29,CT00005,1
CAT00074,RM0012,SUP0219,secondary,27.0,22,700.0,3.3342,2024-01-01,2024-06-30,CT00267,1
CAT00075,RM0012,SUP0010,primary,73.0,55,2000.0,2.9324,2024-03-01,2024-12-31,CT00006,1
CAT00076,RM0012,SUP0219,secondary,27.0,22,700.0,3.3818,2024-07-01,2024-12-31,CT00268,1
CAT00077,RM0012,SUP0010,primary,73.0,55,2000.0,3.2491,2025-01-01,2025-02-28,CT00006,1
CAT00078,RM0012,SUP0219,secondary,27.0,22,700.0,3.5994,2025-01-01,2025-06-30,CT00268,1
CAT00079,RM0012,SUP0010,primary,73.0,55,2000.0,3.1758,2025-03-01,,CT00007,1
CAT00080,RM0012,SUP0219,secondary,27.0,22,700.0,3.4986,2025-07-01,,CT00269,1
CAT00081,RM0013,SUP0042,primary,71.0,16,550.0,0.8842,2022-03-01,2023-02-28,CT00043,1
CAT00082,RM0013,SUP0101,secondary,29.0,11,650.0,0.8278,2022-10-01,2023-09-30,CT00102,1
CAT00083,RM0013,SUP0042,primary,71.0,16,550.0,0.8579,2023-03-01,2024-02-29,CT00044,1
CAT00084,RM0013,SUP0101,secondary,29.0,11,650.0,0.8677,2023-10-01,2025-09-30,CT00103,1
CAT00085,RM0013,SUP0042,primary,71.0,16,550.0,0.8459,2024-03-01,2025-02-28,CT00045,1
CAT00086,RM0013,SUP0042,primary,71.0,16,550.0,0.8736,2025-03-01,,CT00046,1
CAT00087,RM0013,SUP0101,secondary,29.0,11,650.0,0.8514,2025-10-01,,CT00104,1
CAT00088,RM0014,SUP0054,primary,100.0,6,60.0,35.6975,2022-07-01,2024-06-30,CT00059,1
CAT00089,RM0014,SUP0054,primary,100.0,6,60.0,36.2782,2024-07-01,,CT00060,1
CAT00090,RM0015,SUP0151,primary,67.8,27,20.0,26.1813,2022-06-01,2023-05-31,CT00170,1
CAT00091,RM0015,SUP0089,secondary,32.2,27,30.0,29.308,2022-07-01,2023-06-30,CT00091,1
CAT00092,RM0015,SUP0151,primary,67.8,27,20.0,26.8248,2023-06-01,2024-05-31,CT00171,1
CAT00093,RM0015,SUP0089,secondary,32.2,27,30.0,30.0406,2023-07-01,2024-06-30,CT00092,1
CAT00094,RM0015,SUP0151,primary,67.8,27,20.0,26.5271,2024-06-01,,CT00172,1
CAT00095,RM0015,SUP0089,secondary,32.2,27,30.0,29.6655,2024-07-01,2025-06-30,CT00093,1
CAT00096,RM0015,SUP0089,secondary,32.2,27,30.0,30.6857,2025-07-01,,CT00094,1
CAT00097,RM0016,SUP0063,secondary,38.0,11,20.0,23.0853,2022-07-01,2023-06-30,CT00069,1
CAT00098,RM0016,SUP0212,primary,62.0,28,15.0,22.3208,2022-08-01,2024-07-31,CT00252,1
CAT00099,RM0016,SUP0063,secondary,38.0,11,20.0,22.904,2023-07-01,2024-06-30,CT00070,1
CAT00100,RM0016,SUP0063,secondary,38.0,11,20.0,23.3843,2024-07-01,2025-06-30,CT00071,1
CAT00101,RM0016,SUP0212,primary,62.0,28,15.0,22.9846,2024-08-01,2025-07-31,CT00253,1
CAT00102,RM0016,SUP0063,secondary,38.0,11,20.0,24.42,2025-07-01,,CT00072,1
CAT00103,RM0016,SUP0212,primary,62.0,28,15.0,22.8074,2025-08-01,,CT00254,1
CAT00104,RM0017,SUP0146,primary,100.0,45,15.0,28.9319,2022-08-01,2023-07-31,CT00167,1
CAT00105,RM0017,SUP0146,primary,100.0,45,15.0,29.0908,2023-08-01,2025-07-31,CT00168,1
CAT00106,RM0017,SUP0146,primary,100.0,45,15.0,28.8639,2025-08-01,,CT00169,1
CAT00107,RM0018,SUP0010,primary,79.3,56,8.5,27.14,2022-03-01,2023-02-28,CT00004,1
CAT00108,RM0018,SUP0241,secondary,20.7,20,15.0,32.7161,2022-10-01,2023-09-30,CT00304,1
CAT00109,RM0018,SUP0010,primary,79.3,56,8.5,28.7048,2023-03-01,2024-02-29,CT00005,1
CAT00110,RM0018,SUP0241,secondary,20.7,20,15.0,34.4291,2023-10-01,2025-09-30,CT00305,1
CAT00111,RM0018,SUP0010,primary,79.3,56,8.5,29.1551,2024-03-01,2025-02-28,CT00006,1
CAT00112,RM0018,SUP0010,primary,79.3,56,8.5,30.253,2025-03-01,,CT00007,1
CAT00113,RM0018,SUP0241,secondary,20.7,20,15.0,35.662,2025-10-01,,CT00306,1
CAT00114,RM0019,SUP0026,secondary,37.7,18,5.0,39.1894,2022-07-01,2024-06-30,CT00026,1
CAT00115,RM0019,SUP0027,primary,62.3,37,7.5,40.3357,2022-10-01,2024-09-30,CT00029,1
CAT00116,RM0019,SUP0026,secondary,37.7,18,5.0,38.3074,2024-07-01,2025-06-30,CT00027,1
CAT00117,RM0019,SUP0027,primary,62.3,37,7.5,40.7604,2024-10-01,,CT00030,1
CAT00118,RM0019,SUP0026,secondary,37.7,18,5.0,39.1911,2025-07-01,,CT00028,1
CAT00119,RM0020,SUP0164,secondary,28.6,54,35.0,3.6987,2022-03-01,2023-02-28,CT00186,1
CAT00120,RM0020,SUP0103,primary,66.4,33,15.0,3.6147,2022-05-01,2024-04-30,CT00105,1
CAT00121,RM0020,SUP0139,tertiary,5.0,16,10.0,4.3554,2022-09-01,2023-08-31,CT00153,1
CAT00122,RM0020,SUP0164,secondary,28.6,54,35.0,3.7473,2023-03-01,2024-02-29,CT00187,1
CAT00123,RM0020,SUP0139,tertiary,5.0,16,10.0,4.2466,2023-09-01,2025-08-31,CT00154,1
CAT00124,RM0020,SUP0164,secondary,28.6,54,35.0,3.6757,2024-03-01,,CT00188,1
CAT00125,RM0020,SUP0103,primary,66.4,33,15.0,3.61,2024-05-01,2025-04-30,CT00106,1
CAT00126,RM0020,SUP0103,primary,66.4,33,15.0,3.6857,2025-05-01,,CT00107,1
CAT00127,RM0020,SUP0139,tertiary,5.0,16,10.0,4.4458,2025-09-01,,CT00155,1
CAT00128,RM0021,SUP0044,secondary,26.5,61,15.0,7.9554,2022-04-01,2023-03-31,CT00047,1
CAT00129,RM0021,SUP0221,primary,73.5,10,8.0,7.5036,2022-07-01,2024-06-30,CT00272,1
CAT00130,RM0021,SUP0044,secondary,26.5,61,15.0,8.0508,2023-04-01,2024-03-31,CT00048,1
CAT00131,RM0021,SUP0044,secondary,26.5,61,15.0,8.1606,2024-04-01,,CT00049,1
CAT00132,RM0021,SUP0221,primary,73.5,10,8.0,7.3586,2024-07-01,2025-06-30,CT00273,1
CAT00133,RM0021,SUP0221,primary,73.5,10,8.0,7.6437,2025-07-01,,CT00274,1
CAT00134,RM0022,SUP0151,secondary,21.1,25,4.0,3.4068,2022-06-01,2023-05-31,CT00170,1
CAT00135,RM0022,SUP0216,primary,78.9,58,6.5,3.0542,2022-08-01,2024-07-31,CT00261,1
CAT00136,RM0022,SUP0151,secondary,21.1,25,4.0,3.5994,2023-06-01,2024-05-31,CT00171,1
CAT00137,RM0022,SUP0151,secondary,21.1,25,4.0,3.5668,2024-06-01,,CT00172,1
CAT00138,RM0022,SUP0216,primary,78.9,58,6.5,2.9685,2024-08-01,,CT00262,1
CAT00139,RM0023,SUP0081,secondary,35.6,21,6.5,9.9806,2022-09-01,2023-08-31,CT00080,1
CAT00140,RM0023,SUP0141,primary,64.4,13,7.0,8.3555,2022-10-01,2024-09-30,CT00159,1
CAT00141,RM0023,SUP0081,secondary,35.6,21,6.5,10.0164,2023-09-01,2025-08-31,CT00081,1
CAT00142,RM0023,SUP0141,primary,64.4,13,7.0,8.5056,2024-10-01,2025-09-30,CT00160,1
CAT00143,RM0023,SUP0081,secondary,35.6,21,6.5,10.297,2025-09-01,,CT00082,1
CAT00144,RM0023,SUP0141,primary,64.4,13,7.0,8.6139,2025-10-01,,CT00161,1
CAT00145,RM0024,SUP0030,primary,64.6,12,4.0,7.9344,2022-01-01,2023-12-31,CT00034,1
CAT00146,RM0024,SUP0220,secondary,35.4,9,8.0,8.1871,2022-09-01,2024-08-31,CT00270,1
CAT00147,RM0024,SUP0030,primary,64.6,12,4.0,8.2278,2024-01-01,2024-12-31,CT00035,1
CAT00148,RM0024,SUP0220,secondary,35.4,9,8.0,8.3807,2024-09-01,,CT00271,1
CAT00149,RM0024,SUP0030,primary,64.6,12,4.0,7.9914,2025-01-01,,CT00036,1
CAT00150,RM0025,SUP0139,secondary,23.0,15,5.0,4.6738,2022-09-01,2023-08-31,CT00153,1
CAT00151,RM0025,SUP0012,primary,77.0,34,5.5,4.7084,2022-10-01,2024-09-30,CT00012,1
CAT00152,RM0025,SUP0139,secondary,23.0,15,5.0,4.7682,2023-09-01,2025-08-31,CT00154,1
CAT00153,RM0025,SUP0012,primary,77.0,34,5.5,4.6914,2024-10-01,2025-09-30,CT00013,1
CAT00154,RM0025,SUP0139,secondary,23.0,15,5.0,4.9226,2025-09-01,,CT00155,1
CAT00155,RM0025,SUP0012,primary,77.0,34,5.5,4.6523,2025-10-01,,CT00014,1
CAT00156,RM0026,SUP0118,primary,75.2,61,0.9500000000000001,5.6343,2022-03-01,2024-02-29,CT00118,1
CAT00157,RM0026,SUP0062,secondary,24.8,54,1.5,6.3551,2022-08-01,2024-05-13,CT00067,1
CAT00158,RM0026,SUP0118,primary,75.2,61,0.9500000000000001,5.5193,2024-03-01,2024-05-13,CT00119,1
CAT00159,RM0026,SUP0062,primary,75.2,54,1.5,6.3551,2024-05-14,2024-07-31,CT00067,1
CAT00160,RM0026,SUP0118,secondary,24.8,61,0.9500000000000001,5.5193,2024-05-14,,CT00119,1
CAT00161,RM0026,SUP0062,primary,75.2,54,1.5,6.2662,2024-08-01,,CT00068,1
CAT00162,RM0027,SUP0183,primary,65.1,12,200.0,3.3039,2022-05-01,2024-04-30,CT00214,1
CAT00163,RM0027,SUP0103,secondary,29.9,34,200.0,3.9255,2022-05-01,2024-04-30,CT00105,1
CAT00164,RM0027,SUP0101,tertiary,5.0,13,350.0,4.0338,2022-10-01,2023-09-30,CT00102,1
CAT00165,RM0027,SUP0101,tertiary,5.0,13,350.0,4.2324,2023-10-01,2025-09-30,CT00103,1
CAT00166,RM0027,SUP0183,primary,65.1,12,200.0,3.3245,2024-05-01,2025-04-30,CT00215,1
CAT00167,RM0027,SUP0103,secondary,29.9,34,200.0,3.9999,2024-05-01,2025-04-30,CT00106,1
CAT00168,RM0027,SUP0183,primary,65.1,12,200.0,3.2591,2025-05-01,,CT00216,1
CAT00169,RM0027,SUP0103,secondary,29.9,34,200.0,4.0431,2025-05-01,,CT00107,1
CAT00170,RM0027,SUP0101,tertiary,5.0,13,350.0,4.3661,2025-10-01,,CT00104,1
CAT00171,RM0028,SUP0164,primary,75.7,55,150.0,6.0126,2022-03-01,2023-02-28,CT00186,1
CAT00172,RM0028,SUP0137,secondary,24.3,17,300.0,5.4895,2022-03-01,2023-02-28,CT00147,1
CAT00173,RM0028,SUP0164,primary,75.7,55,150.0,5.9095,2023-03-01,2024-02-29,CT00187,1
CAT00174,RM0028,SUP0137,secondary,24.3,17,300.0,5.6086,2023-03-01,2024-02-29,CT00148,1
CAT00175,RM0028,SUP0164,primary,75.7,55,150.0,6.1069,2024-03-01,,CT00188,1
CAT00176,RM0028,SUP0137,secondary,24.3,17,300.0,5.7669,2024-03-01,,CT00149,1
CAT00177,RM0029,SUP0010,primary,71.9,54,150.0,3.596,2022-03-01,2023-02-28,CT00004,1
CAT00178,RM0029,SUP0226,secondary,28.1,53,150.0,3.8201,2022-10-01,2024-09-30,CT00277,1
CAT00179,RM0029,SUP0010,primary,71.9,54,150.0,3.5022,2023-03-01,2024-02-29,CT00005,1
CAT00180,RM0029,SUP0010,primary,71.9,54,150.0,3.6876,2024-03-01,2025-02-28,CT00006,1
CAT00181,RM0029,SUP0226,secondary,28.1,53,150.0,3.8217,2024-10-01,,CT00278,1
CAT00182,RM0029,SUP0010,primary,71.9,54,150.0,3.7438,2025-03-01,,CT00007,1
CAT00183,RM0030,SUP0221,primary,100.0,11,70.0,4.4037,2022-07-01,2024-06-30,CT00272,1
CAT00184,RM0030,SUP0221,primary,100.0,11,70.0,4.4168,2024-07-01,2025-06-30,CT00273,1
CAT00185,RM0030,SUP0221,primary,100.0,11,70.0,4.5743,2025-07-01,,CT00274,1
CAT00186,RM0031,SUP0192,primary,100.0,27,150.0,3.4193,2022-04-01,2023-03-31,CT00223,1
CAT00187,RM0031,SUP0192,primary,100.0,27,150.0,3.3489,2023-04-01,2024-03-31,CT00224,1
CAT00188,RM0031,SUP0192,primary,100.0,27,150.0,3.4287,2024-04-01,2025-03-31,CT00225,1
CAT00189,RM0031,SUP0192,primary,100.0,27,150.0,3.3326,2025-04-01,,CT00226,1
CAT00190,RM0032,SUP0028,primary,100.0,45,300.0,5.1948,2022-07-01,2023-06-30,CT00031,1
CAT00191,RM0032,SUP0028,primary,100.0,45,300.0,5.4877,2023-07-01,2025-06-30,CT00032,1
CAT00192,RM0032,SUP0028,primary,100.0,45,300.0,5.4718,2025-07-01,,CT00033,1
CAT00193,RM0033,SUP0151,secondary,33.7,29,400.0,0.1239,2022-06-01,2023-05-31,CT00170,1
CAT00194,RM0033,SUP0171,primary,66.3,59,750.0,0.121,2022-07-01,2023-06-30,CT00194,1
CAT00195,RM0033,SUP0151,secondary,33.7,29,400.0,0.1207,2023-06-01,2024-05-31,CT00171,1
CAT00196,RM0033,SUP0171,primary,66.3,59,750.0,0.1228,2023-07-01,2024-06-30,CT00195,1
CAT00197,RM0033,SUP0151,secondary,33.7,29,400.0,0.1216,2024-06-01,,CT00172,1
CAT00198,RM0033,SUP0171,primary,66.3,59,750.0,0.1271,2024-07-01,2025-06-30,CT00196,1
CAT00199,RM0033,SUP0171,primary,66.3,59,750.0,0.1291,2025-07-01,,CT00197,1
CAT00200,RM0034,SUP0058,secondary,23.8,11,250.0,0.1363,2022-02-01,2023-01-31,CT00064,1
CAT00201,RM0034,SUP0118,primary,76.2,61,550.0,0.1328,2022-03-01,2024-02-29,CT00118,1
CAT00202,RM0034,SUP0058,secondary,23.8,11,250.0,0.1378,2023-02-01,2025-01-31,CT00065,1
CAT00203,RM0034,SUP0118,primary,76.2,61,550.0,0.1296,2024-03-01,2025-04-21,CT00119,1
CAT00204,RM0034,SUP0058,secondary,23.8,11,250.0,0.1342,2025-02-01,2025-04-21,CT00066,1
CAT00205,RM0034,SUP0058,primary,76.2,11,250.0,0.1342,2025-04-22,,CT00066,1
CAT00206,RM0034,SUP0118,secondary,23.8,61,550.0,0.1296,2025-04-22,,CT00119,1
CAT00207,RM0035,SUP0196,tertiary,5.0,36,400.0,0.0881,2022-03-01,2023-02-28,CT00230,0
CAT00208,RM0035,SUP0012,primary,63.2,33,450.0,0.0857,2022-10-01,2024-09-30,CT00012,1
CAT00209,RM0035,SUP0200,secondary,31.8,50,450.0,0.0798,2022-10-01,2024-09-30,CT00239,1
CAT00210,RM0035,SUP0196,tertiary,5.0,36,400.0,0.091,2023-03-01,2025-02-28,CT00231,0
CAT00211,RM0035,SUP0012,primary,63.2,33,450.0,0.0873,2024-10-01,2025-09-30,CT00013,1
CAT00212,RM0035,SUP0200,secondary,31.8,50,450.0,0.0791,2024-10-01,,CT00240,1
CAT00213,RM0035,SUP0196,tertiary,5.0,36,400.0,0.0901,2025-03-01,,CT00232,0
CAT00214,RM0035,SUP0012,primary,63.2,33,450.0,0.0913,2025-10-01,,CT00014,1
CAT00215,RM0036,SUP0236,secondary,34.9,42,200.0,0.1107,2022-04-01,2023-03-31,CT00290,1
CAT00216,RM0036,SUP0079,primary,65.1,31,300.0,0.11,2022-08-01,2023-07-31,CT00077,1
CAT00217,RM0036,SUP0236,secondary,34.9,42,200.0,0.1164,2023-04-01,2024-03-31,CT00291,1
CAT00218,RM0036,SUP0079,primary,65.1,31,300.0,0.1141,2023-08-01,2025-07-31,CT00078,1
CAT00219,RM0036,SUP0236,secondary,34.9,42,200.0,0.1215,2024-04-01,2025-03-31,CT00292,1
CAT00220,RM0036,SUP0236,secondary,34.9,42,200.0,0.1184,2025-04-01,,CT00293,1
CAT00221,RM0036,SUP0079,primary,65.1,31,300.0,0.1152,2025-08-01,,CT00079,1
CAT00222,RM0037,SUP0089,secondary,37.5,33,85.0,0.133,2022-07-01,2023-06-30,CT00091,1
CAT00223,RM0037,SUP0129,primary,62.5,52,85.0,0.1204,2022-11-01,2024-10-31,CT00132,1
CAT00224,RM0037,SUP0089,secondary,37.5,33,85.0,0.1404,2023-07-01,2024-06-30,CT00092,1
CAT00225,RM0037,SUP0089,secondary,37.5,33,85.0,0.138,2024-07-01,2025-06-30,CT00093,1
CAT00226,RM0037,SUP0129,primary,62.5,52,85.0,0.1247,2024-11-01,2025-10-31,CT00133,1
CAT00227,RM0037,SUP0089,secondary,37.5,33,85.0,0.1374,2025-07-01,,CT00094,1
CAT00228,RM0037,SUP0129,primary,62.5,52,85.0,0.1226,2025-11-01,,CT00134,1
CAT00229,RM0038,SUP0240,primary,60.4,19,200.0,0.1166,2022-05-01,2023-04-30,CT00301,1
CAT00230,RM0038,SUP0238,secondary,39.6,47,150.0,0.1117,2022-05-01,2023-04-30,CT00294,1
CAT00231,RM0038,SUP0240,primary,60.4,19,200.0,0.1209,2023-05-01,2025-04-30,CT00302,1
CAT00232,RM0038,SUP0238,secondary,39.6,47,150.0,0.111,2023-05-01,2025-04-30,CT00295,1
CAT00233,RM0038,SUP0240,primary,60.4,19,200.0,0.1217,2025-05-01,,CT00303,1
CAT00234,RM0038,SUP0238,secondary,39.6,47,150.0,0.1133,2025-05-01,,CT00296,1
CAT00235,RM0039,SUP0201,primary,62.5,14,3.5,45.7824,2022-08-01,2024-07-31,CT00241,1
CAT00236,RM0039,SUP0199,secondary,37.5,22,5.5,50.8494,2022-11-01,2023-10-31,CT00236,1
CAT00237,RM0039,SUP0199,secondary,37.5,22,5.5,53.8172,2023-11-01,2025-10-31,CT00237,1
CAT00238,RM0039,SUP0201,primary,62.5,14,3.5,46.2916,2024-08-01,,CT00242,1
CAT00239,RM0039,SUP0199,secondary,37.5,22,5.5,53.6538,2025-11-01,,CT00238,1
CAT00240,RM0040,SUP0084,primary,100.0,42,1.0,15.7298,2022-05-01,2023-04-30,CT00083,1
CAT00241,RM0040,SUP0084,primary,100.0,42,1.0,15.3892,2023-05-01,2025-04-30,CT00084,1
CAT00242,RM0040,SUP0084,primary,100.0,42,1.0,15.0169,2025-05-01,,CT00085,1
CAT00243,RM0041,SUP0047,primary,100.0,41,1.5,21.6399,2022-01-01,2022-12-31,CT00050,1
CAT00244,RM0041,SUP0047,primary,100.0,41,1.5,21.6767,2023-01-01,2023-12-31,CT00051,1
CAT00245,RM0041,SUP0047,primary,100.0,41,1.5,21.8885,2024-01-01,,CT00052,1
CAT00246,RM0042,SUP0065,tertiary,5.0,18,8500.0,0.0573,2022-01-01,2023-12-31,CT00073,1
CAT00247,RM0042,SUP0138,secondary,26.9,55,7500.0,0.056,2022-04-01,2024-03-31,CT00150,1
CAT00248,RM0042,SUP0229,primary,68.1,43,4000.0,0.0527,2022-06-01,2023-05-31,CT00281,1
CAT00249,RM0042,SUP0229,primary,68.1,43,4000.0,0.0517,2023-06-01,2024-05-31,CT00282,1
CAT00250,RM0042,SUP0065,tertiary,5.0,18,8500.0,0.056,2024-01-01,,CT00074,1
CAT00251,RM0042,SUP0138,secondary,26.9,55,7500.0,0.0577,2024-04-01,2025-03-31,CT00151,1
CAT00252,RM0042,SUP0229,primary,68.1,43,4000.0,0.0528,2024-06-01,2025-05-31,CT00283,1
CAT00253,RM0042,SUP0138,secondary,26.9,55,7500.0,0.0572,2025-04-01,,CT00152,1
CAT00254,RM0042,SUP0229,primary,68.1,43,4000.0,0.0529,2025-06-01,,CT00284,1
CAT00255,RM0043,SUP0185,primary,100.0,9,2000.0,0.1009,2022-04-01,2024-03-31,CT00217,1
CAT00256,RM0043,SUP0185,primary,100.0,9,2000.0,0.1055,2024-04-01,2024-04-12,CT00218,1
CAT00257,RM0043,SUP0185,primary,100.0,9,2000.0,0.129,2024-04-13,2024-07-19,CT00218,1
CAT00258,RM0043,SUP0185,primary,100.0,9,2000.0,0.1215,2024-07-20,2025-02-18,CT00218,1
CAT00259,RM0043,SUP0185,primary,100.0,9,2000.0,0.1448,2025-02-19,2025-03-31,CT00218,1
CAT00260,RM0043,SUP0185,primary,100.0,9,2000.0,0.143,2025-04-01,2025-06-06,CT00219,1
CAT00261,RM0043,SUP0185,primary,100.0,9,2000.0,0.1322,2025-06-07,2025-11-03,CT00219,1
CAT00262,RM0043,SUP0185,primary,100.0,9,2000.0,0.1553,2025-11-04,2026-01-17,CT00219,1
CAT00263,RM0044,SUP0221,primary,69.9,9,2500.0,0.0172,2022-07-01,2024-06-30,CT00272,1
CAT00264,RM0044,SUP0217,secondary,30.1,30,2500.0,0.0161,2022-10-01,2023-09-30,CT00263,1
CAT00265,RM0044,SUP0217,secondary,30.1,30,2500.0,0.0159,2023-10-01,2024-09-30,CT00264,1
CAT00266,RM0044,SUP0221,primary,69.9,9,2500.0,0.0171,2024-07-01,2025-06-30,CT00273,1
CAT00267,RM0044,SUP0217,secondary,30.1,30,2500.0,0.0159,2024-10-01,2025-09-30,CT00265,1
CAT00268,RM0044,SUP0221,primary,69.9,9,2500.0,0.0179,2025-07-01,,CT00274,1
CAT00269,RM0044,SUP0217,secondary,30.1,30,2500.0,0.0159,2025-10-01,,CT00266,1
CAT00270,RM0045,SUP0089,secondary,35.4,25,2000.0,0.1058,2022-07-01,2023-06-30,CT00091,1
CAT00271,RM0045,SUP0175,primary,64.6,4,2000.0,0.0953,2022-08-01,2023-07-31,CT00201,1
CAT00272,RM0045,SUP0089,secondary,35.4,25,2000.0,0.1089,2023-07-01,2024-06-30,CT00092,1
CAT00273,RM0045,SUP0175,primary,64.6,4,2000.0,0.0925,2023-08-01,2025-07-31,CT00202,1
CAT00274,RM0045,SUP0089,secondary,35.4,25,2000.0,0.1073,2024-07-01,2025-06-30,CT00093,1
CAT00275,RM0045,SUP0089,secondary,35.4,25,2000.0,0.1055,2025-07-01,,CT00094,1
CAT00276,RM0045,SUP0175,primary,64.6,4,2000.0,0.0925,2025-08-01,,CT00203,1
CAT00277,RM0046,SUP0089,secondary,31.8,24,1500.0,0.0242,2022-07-01,2023-06-30,CT00091,1
CAT00278,RM0046,SUP0101,primary,68.2,11,700.0,0.0223,2022-10-01,2023-09-30,CT00102,1
CAT00279,RM0046,SUP0089,secondary,31.8,24,1500.0,0.024,2023-07-01,2024-06-30,CT00092,1
CAT00280,RM0046,SUP0101,primary,68.2,11,700.0,0.0219,2023-10-01,2025-09-30,CT00103,1
CAT00281,RM0046,SUP0089,secondary,31.8,24,1500.0,0.0241,2024-07-01,2025-06-30,CT00093,1
CAT00282,RM0046,SUP0089,secondary,31.8,24,1500.0,0.0255,2025-07-01,,CT00094,1
CAT00283,RM0046,SUP0101,primary,68.2,11,700.0,0.0216,2025-10-01,,CT00104,1
CAT00284,RM0047,SUP0138,secondary,24.8,54,950.0,0.0911,2022-04-01,2024-03-31,CT00150,1
CAT00285,RM0047,SUP0123,primary,75.2,29,1500.0,0.086,2022-11-01,2023-10-31,CT00123,1
CAT00286,RM0047,SUP0123,primary,75.2,29,1500.0,0.0875,2023-11-01,2025-10-31,CT00124,1
CAT00287,RM0047,SUP0138,secondary,24.8,54,950.0,0.0948,2024-04-01,2025-03-31,CT00151,1
CAT00288,RM0047,SUP0138,secondary,24.8,54,950.0,0.0967,2025-04-01,,CT00152,1
CAT00289,RM0047,SUP0123,primary,75.2,29,1500.0,0.0921,2025-11-01,,CT00125,1
CAT00290,RM0048,SUP0133,secondary,38.7,21,15.0,57.6598,2022-06-01,2024-05-31,CT00135,1
CAT00291,RM0048,SUP0228,primary,61.3,44,7.5,51.7057,2022-08-01,2024-07-31,CT00279,1
CAT00292,RM0048,SUP0133,secondary,38.7,21,15.0,57.6889,2024-06-01,2025-05-31,CT00136,1
CAT00293,RM0048,SUP0228,primary,61.3,44,7.5,52.5408,2024-08-01,,CT00280,1
CAT00294,RM0048,SUP0133,secondary,38.7,21,15.0,60.179,2025-06-01,,CT00137,1
CAT00295,RM0049,SUP0214,primary,100.0,35,10.0,19.9458,2022-03-01,2023-02-28,CT00255,1
CAT00296,RM0049,SUP0214,primary,100.0,35,10.0,20.2767,2023-03-01,2024-02-29,CT00256,1
CAT00297,RM0049,SUP0214,primary,100.0,35,10.0,21.447,2024-03-01,2025-02-28,CT00257,1
CAT00298,RM0049,SUP0214,primary,100.0,35,10.0,21.9266,2025-03-01,,CT00258,1
CAT00299,RM0050,SUP0197,secondary,32.0,13,15.0,27.8486,2022-02-01,2024-01-31,CT00233,1
CAT00300,RM0050,SUP0206,primary,68.0,29,15.0,26.7574,2022-08-01,2024-07-31,CT00246,1
CAT00301,RM0050,SUP0197,secondary,32.0,13,15.0,28.6619,2024-02-01,2025-01-31,CT00234,1
CAT00302,RM0050,SUP0206,primary,68.0,29,15.0,28.1642,2024-08-01,2025-07-31,CT00247,1
CAT00303,RM0050,SUP0197,secondary,32.0,13,15.0,29.0271,2025-02-01,,CT00235,1
CAT00304,RM0050,SUP0206,primary,68.0,29,15.0,27.8723,2025-08-01,,CT00248,1
CAT00305,RM0051,SUP0025,primary,68.1,20,2.0,19.1405,2022-08-01,2024-07-31,CT00024,1
CAT00306,RM0051,SUP0144,secondary,31.9,21,6.0,19.4718,2022-11-01,2024-10-31,CT00162,1
CAT00307,RM0051,SUP0025,primary,68.1,20,2.0,19.8965,2024-08-01,,CT00025,1
CAT00308,RM0051,SUP0144,secondary,31.9,21,6.0,19.5144,2024-11-01,,CT00163,1
CAT00309,RM0052,SUP0065,primary,74.3,16,8.5,24.5293,2022-01-01,2023-12-31,CT00073,1
CAT00310,RM0052,SUP0168,secondary,25.7,46,7.5,25.8787,2022-04-01,2023-03-31,CT00189,1
CAT00311,RM0052,SUP0168,secondary,25.7,46,7.5,26.7696,2023-04-01,2025-03-31,CT00190,1
CAT00312,RM0052,SUP0065,primary,74.3,16,8.5,24.2068,2024-01-01,,CT00074,1
CAT00313,RM0052,SUP0168,secondary,25.7,46,7.5,26.1436,2025-04-01,,CT00191,1
CAT00314,RM0053,SUP0179,primary,65.1,26,3.0,61.0093,2022-09-01,2024-08-31,CT00206,1
CAT00315,RM0053,SUP0101,secondary,34.9,12,3.0,64.1117,2022-10-01,2023-09-30,CT00102,1
CAT00316,RM0053,SUP0101,secondary,34.9,12,3.0,67.7581,2023-10-01,2025-09-30,CT00103,1
CAT00317,RM0053,SUP0179,primary,65.1,26,3.0,60.3596,2024-09-01,,CT00207,1
CAT00318,RM0053,SUP0101,secondary,34.9,12,3.0,66.3881,2025-10-01,,CT00104,1
CAT00319,RM0054,SUP0206,primary,71.9,29,1.5,57.1965,2022-08-01,2024-07-31,CT00246,1
CAT00320,RM0054,SUP0139,secondary,28.1,15,4.5,63.6902,2022-09-01,2023-08-31,CT00153,1
CAT00321,RM0054,SUP0139,secondary,28.1,15,4.5,64.723,2023-09-01,2025-08-31,CT00154,1
CAT00322,RM0054,SUP0206,primary,71.9,29,1.5,55.9742,2024-08-01,2025-07-31,CT00247,1
CAT00323,RM0054,SUP0206,primary,71.9,29,1.5,57.7351,2025-08-01,,CT00248,1
CAT00324,RM0054,SUP0139,secondary,28.1,15,4.5,64.1631,2025-09-01,,CT00155,1
CAT00325,RM0055,SUP0039,primary,100.0,9,3.5,49.7689,2022-09-01,2024-08-31,CT00040,1
CAT00326,RM0055,SUP0039,primary,100.0,9,3.5,51.1408,2024-09-01,2025-08-31,CT00041,1
CAT00327,RM0055,SUP0039,primary,100.0,9,3.5,51.9266,2025-09-01,,CT00042,1
CAT00328,RM0056,SUP0136,secondary,25.3,49,1.5,60.434,2022-05-01,2023-04-30,CT00144,1
CAT00329,RM0056,SUP0039,primary,74.7,9,0.4,58.9946,2022-09-01,2024-06-19,CT00040,1
CAT00330,RM0056,SUP0136,secondary,25.3,49,1.5,62.9103,2023-05-01,2024-06-19,CT00145,1
CAT00331,RM0056,SUP0136,primary,74.7,49,1.5,62.9103,2024-06-20,2025-04-30,CT00145,1
CAT00332,RM0056,SUP0039,secondary,25.3,9,0.4,58.9946,2024-06-20,2024-08-31,CT00040,1
CAT00333,RM0056,SUP0039,secondary,25.3,9,0.4,58.8628,2024-09-01,2025-08-31,CT00041,1
CAT00334,RM0056,SUP0136,primary,74.7,49,1.5,65.4696,2025-05-01,,CT00146,1
CAT00335,RM0056,SUP0039,secondary,25.3,9,0.4,61.9438,2025-09-01,,CT00042,1
CAT00336,RM0057,SUP0124,primary,68.6,17,9.0,13.2818,2022-09-01,2023-08-31,CT00126,1
CAT00337,RM0057,SUP0248,secondary,31.4,41,8.5,14.0815,2022-10-01,2024-09-30,CT00309,1
CAT00338,RM0057,SUP0124,primary,68.6,17,9.0,13.251,2023-09-01,2024-08-31,CT00127,1
CAT00339,RM0057,SUP0124,primary,68.6,17,9.0,13.1871,2024-09-01,,CT00128,1
CAT00340,RM0057,SUP0248,secondary,31.4,41,8.5,14.1268,2024-10-01,,CT00310,1
CAT00341,RM0058,SUP0054,secondary,29.5,11,2.0,14.0458,2022-07-01,2024-06-30,CT00059,1
CAT00342,RM0058,SUP0221,tertiary,5.0,12,2.0,13.4549,2022-07-01,2024-06-30,CT00272,0
CAT00343,RM0058,SUP0179,primary,65.5,30,6.0,12.0743,2022-09-01,2024-08-31,CT00206,1
CAT00344,RM0058,SUP0054,secondary,29.5,11,2.0,13.6888,2024-07-01,,CT00060,1
CAT00345,RM0058,SUP0221,tertiary,5.0,12,2.0,13.3047,2024-07-01,2025-06-30,CT00273,0
CAT00346,RM0058,SUP0179,primary,65.5,30,6.0,11.8279,2024-09-01,,CT00207,1
CAT00347,RM0058,SUP0221,tertiary,5.0,12,2.0,14.049,2025-07-01,,CT00274,0
CAT00348,RM0059,SUP0005,tertiary,5.0,22,0.8500000000000001,19.7465,2022-01-01,2023-12-31,CT00001,0
CAT00349,RM0059,SUP0090,primary,70.5,61,2.5,15.6665,2022-02-01,2023-01-31,CT00095,1
CAT00350,RM0059,SUP0185,secondary,24.5,11,1.5,18.8068,2022-04-01,2024-03-31,CT00217,1
CAT00351,RM0059,SUP0090,primary,70.5,61,2.5,15.6286,2023-02-01,2024-01-31,CT00096,1
CAT00352,RM0059,SUP0005,tertiary,5.0,22,0.8500000000000001,20.905,2024-01-01,2024-12-31,CT00002,0
CAT00353,RM0059,SUP0090,primary,70.5,61,2.5,15.2932,2024-02-01,2025-01-31,CT00097,1
CAT00354,RM0059,SUP0185,secondary,24.5,11,1.5,19.5642,2024-04-01,2025-03-31,CT00218,1
CAT00355,RM0059,SUP0005,tertiary,5.0,22,0.8500000000000001,21.5807,2025-01-01,,CT00003,0
CAT00356,RM0059,SUP0090,primary,70.5,61,2.5,15.1212,2025-02-01,,CT00098,1
CAT00357,RM0059,SUP0185,secondary,24.5,11,1.5,20.4875,2025-04-01,,CT00219,1
CAT00358,RM0060,SUP0247,primary,100.0,44,2.5,12.652,2022-08-01,2024-07-31,CT00307,1
CAT00359,RM0060,SUP0247,primary,100.0,44,2.5,13.1568,2024-08-01,,CT00308,1
CAT00360,RM0061,SUP0137,primary,100.0,20,300.0,0.1136,2022-03-01,2023-02-28,CT00147,1
CAT00361,RM0061,SUP0137,primary,100.0,20,300.0,0.1168,2023-03-01,2024-02-29,CT00148,1
CAT00362,RM0061,SUP0137,primary,100.0,20,300.0,0.1135,2024-03-01,,CT00149,1
CAT00363,RM0062,SUP0013,primary,100.0,24,200.0,0.1418,2022-07-01,2024-06-30,CT00015,1
CAT00364,RM0062,SUP0013,primary,100.0,24,200.0,0.1422,2024-07-01,2025-06-30,CT00016,1
CAT00365,RM0062,SUP0013,primary,100.0,24,200.0,0.1448,2025-07-01,,CT00017,1
CAT00366,RM0063,SUP0118,primary,79.9,62,250.0,0.3589,2022-03-01,2024-02-29,CT00118,1
CAT00367,RM0063,SUP0026,secondary,20.1,21,150.0,0.3871,2022-07-01,2024-06-05,CT00026,1
CAT00368,RM0063,SUP0118,primary,79.9,62,250.0,0.3722,2024-03-01,2024-06-05,CT00119,1
CAT00369,RM0063,SUP0026,primary,79.9,21,150.0,0.3871,2024-06-06,2024-06-30,CT00026,1
CAT00370,RM0063,SUP0118,secondary,20.1,62,250.0,0.3722,2024-06-06,,CT00119,1
CAT00371,RM0063,SUP0026,primary,79.9,21,150.0,0.408,2024-07-01,2025-06-30,CT00027,1
CAT00372,RM0063,SUP0026,primary,79.9,21,150.0,0.4069,2025-07-01,,CT00028,1
CAT00373,RM0064,SUP0095,primary,79.1,24,65.0,0.3631,2022-06-01,2024-05-31,CT00099,1
CAT00374,RM0064,SUP0145,tertiary,5.0,36,40.0,0.4236,2022-09-01,2024-08-31,CT00164,1
CAT00375,RM0064,SUP0200,secondary,15.9,49,70.0,0.356,2022-10-01,2024-09-30,CT00239,1
CAT00376,RM0064,SUP0095,primary,79.1,24,65.0,0.3639,2024-06-01,2025-05-31,CT00100,1
CAT00377,RM0064,SUP0145,tertiary,5.0,36,40.0,0.4472,2024-09-01,2025-08-31,CT00165,1
CAT00378,RM0064,SUP0200,secondary,15.9,49,70.0,0.366,2024-10-01,,CT00240,1
CAT00379,RM0064,SUP0095,primary,79.1,24,65.0,0.3718,2025-06-01,,CT00101,1
CAT00380,RM0064,SUP0145,tertiary,5.0,36,40.0,0.4576,2025-09-01,,CT00166,1
CAT00381,RM0065,SUP0183,primary,67.5,15,150.0,0.3558,2022-05-01,2024-04-30,CT00214,1
CAT00382,RM0065,SUP0129,secondary,32.5,52,150.0,0.3454,2022-11-01,2024-10-31,CT00132,1
CAT00383,RM0065,SUP0183,primary,67.5,15,150.0,0.369,2024-05-01,2025-04-30,CT00215,1
CAT00384,RM0065,SUP0129,secondary,32.5,52,150.0,0.3429,2024-11-01,2025-10-31,CT00133,1
CAT00385,RM0065,SUP0183,primary,67.5,15,150.0,0.3907,2025-05-01,,CT00216,1
CAT00386,RM0065,SUP0129,secondary,32.5,52,150.0,0.3459,2025-11-01,,CT00134,1
CAT00387,RM0066,SUP0191,secondary,31.4,42,200.0,0.2831,2022-01-01,2023-12-31,CT00220,1
CAT00388,RM0066,SUP0221,primary,68.6,6,100.0,0.241,2022-07-01,2024-06-30,CT00272,1
CAT00389,RM0066,SUP0191,secondary,31.4,42,200.0,0.282,2024-01-01,2024-12-31,CT00221,1
CAT00390,RM0066,SUP0221,primary,68.6,6,100.0,0.2439,2024-07-01,2025-06-30,CT00273,1
CAT00391,RM0066,SUP0191,secondary,31.4,42,200.0,0.2876,2025-01-01,,CT00222,1
CAT00392,RM0066,SUP0221,primary,68.6,6,100.0,0.2404,2025-07-01,,CT00274,1
CAT00393,RM0067,SUP0191,secondary,38.1,44,60.0,0.21,2022-01-01,2023-12-31,CT00220,1
CAT00394,RM0067,SUP0081,primary,61.9,22,200.0,0.2299,2022-09-01,2023-08-31,CT00080,1
CAT00395,RM0067,SUP0081,primary,61.9,22,200.0,0.2309,2023-09-01,2025-08-31,CT00081,1
CAT00396,RM0067,SUP0191,secondary,38.1,44,60.0,0.2108,2024-01-01,2024-12-31,CT00221,1
CAT00397,RM0067,SUP0191,secondary,38.1,44,60.0,0.2074,2025-01-01,,CT00222,1
CAT00398,RM0067,SUP0081,primary,61.9,22,200.0,0.2394,2025-09-01,,CT00082,1
CAT00399,RM0068,SUP0010,primary,100.0,59,55.0,0.3112,2022-03-01,2023-02-28,CT00004,1
CAT00400,RM0068,SUP0010,primary,100.0,59,55.0,0.3202,2023-03-01,2024-02-29,CT00005,1
CAT00401,RM0068,SUP0010,primary,100.0,59,55.0,0.3199,2024-03-01,2025-02-28,CT00006,1
CAT00402,RM0068,SUP0010,primary,100.0,59,55.0,0.3298,2025-03-01,,CT00007,1
CAT00403,RM0069,SUP0005,secondary,29.7,23,400.0,0.7878,2022-01-01,2023-12-31,CT00001,1
CAT00404,RM0069,SUP0081,primary,70.3,22,600.0,0.6874,2022-09-01,2023-08-31,CT00080,1
CAT00405,RM0069,SUP0081,primary,70.3,22,600.0,0.7176,2023-09-01,2025-08-31,CT00081,1
CAT00406,RM0069,SUP0005,secondary,29.7,23,400.0,0.7919,2024-01-01,2024-12-31,CT00002,1
CAT00407,RM0069,SUP0005,secondary,29.7,23,400.0,0.8128,2025-01-01,,CT00003,1
CAT00408,RM0069,SUP0081,primary,70.3,22,600.0,0.7489,2025-09-01,,CT00082,1
CAT00409,RM0070,SUP0174,tertiary,5.0,55,300.0,1.511,2022-03-01,2023-02-28,CT00198,1
CAT00410,RM0070,SUP0185,secondary,23.1,10,200.0,1.4494,2022-04-01,2024-03-31,CT00217,1
CAT00411,RM0070,SUP0062,primary,71.9,51,250.0,1.3324,2022-08-01,2024-07-31,CT00067,1
CAT00412,RM0070,SUP0174,tertiary,5.0,55,300.0,1.4751,2023-03-01,2025-02-28,CT00199,1
CAT00413,RM0070,SUP0185,secondary,23.1,10,200.0,1.4575,2024-04-01,2025-03-31,CT00218,1
CAT00414,RM0070,SUP0062,primary,71.9,51,250.0,1.3965,2024-08-01,,CT00068,1
CAT00415,RM0070,SUP0174,tertiary,5.0,55,300.0,1.5255,2025-03-01,,CT00200,1
CAT00416,RM0070,SUP0185,secondary,23.1,10,200.0,1.4942,2025-04-01,,CT00219,1
CAT00417,RM0071,SUP0193,secondary,29.6,37,200.0,1.0468,2022-07-01,2023-06-30,CT00227,1
CAT00418,RM0071,SUP0179,primary,70.4,30,90.0,0.9097,2022-09-01,2024-08-31,CT00206,1
CAT00419,RM0071,SUP0193,secondary,29.6,37,200.0,1.105,2023-07-01,2025-06-30,CT00228,1
CAT00420,RM0071,SUP0179,primary,70.4,30,90.0,0.9141,2024-09-01,,CT00207,1
CAT00421,RM0071,SUP0193,secondary,29.6,37,200.0,1.0797,2025-07-01,,CT00229,1
CAT00422,RM0072,SUP0079,secondary,39.7,31,150.0,1.7108,2022-08-01,2023-07-31,CT00077,1
CAT00423,RM0072,SUP0129,primary,60.3,51,90.0,1.584,2022-11-01,2024-10-31,CT00132,1
CAT00424,RM0072,SUP0079,secondary,39.7,31,150.0,1.6786,2023-08-01,2025-07-31,CT00078,1
CAT00425,RM0072,SUP0129,primary,60.3,51,90.0,1.5787,2024-11-01,2025-10-31,CT00133,1
CAT00426,RM0072,SUP0079,secondary,39.7,31,150.0,1.6429,2025-08-01,,CT00079,1
CAT00427,RM0072,SUP0129,primary,60.3,51,90.0,1.5423,2025-11-01,,CT00134,1
CAT00428,RM0073,SUP0118,primary,72.0,58,90.0,1.5507,2022-03-01,2024-02-29,CT00118,1
CAT00429,RM0073,SUP0086,secondary,28.0,60,55.0,1.6017,2022-05-01,2024-04-30,CT00086,1
CAT00430,RM0073,SUP0118,primary,72.0,58,90.0,1.627,2024-03-01,,CT00119,1
CAT00431,RM0073,SUP0086,secondary,28.0,60,55.0,1.6088,2024-05-01,,CT00087,1
CAT00432,RM0074,SUP0076,primary,72.7,43,65.0,0.9627,2022-01-01,2023-12-31,CT00075,1
CAT00433,RM0074,SUP0065,secondary,27.3,19,45.0,1.0272,2022-01-01,2023-12-31,CT00073,1
CAT00434,RM0074,SUP0076,primary,72.7,43,65.0,0.9394,2024-01-01,,CT00076,1
CAT00435,RM0074,SUP0065,secondary,27.3,19,45.0,1.0461,2024-01-01,,CT00074,1
CAT00436,RM0075,SUP0044,secondary,29.4,58,70.0,1.479,2022-04-01,2023-03-31,CT00047,1
CAT00437,RM0075,SUP0175,primary,70.6,5,80.0,1.3613,2022-08-01,2023-07-31,CT00201,1
CAT00438,RM0075,SUP0044,secondary,29.4,58,70.0,1.5105,2023-04-01,2024-03-31,CT00048,1
CAT00439,RM0075,SUP0175,primary,70.6,5,80.0,1.3368,2023-08-01,2025-07-31,CT00202,1
CAT00440,RM0075,SUP0044,secondary,29.4,58,70.0,1.552,2024-04-01,,CT00049,1
CAT00441,RM0075,SUP0175,primary,70.6,5,80.0,1.299,2025-08-01,,CT00203,1
CAT00442,RM0076,SUP0170,secondary,28.7,24,500.0,1.1289,2022-03-01,2024-02-29,CT00192,1
CAT00443,RM0076,SUP0193,primary,71.3,34,650.0,1.0307,2022-07-01,2023-06-30,CT00227,1
CAT00444,RM0076,SUP0193,primary,71.3,34,650.0,1.0142,2023-07-01,2025-06-30,CT00228,1
CAT00445,RM0076,SUP0170,secondary,28.7,24,500.0,1.1498,2024-03-01,,CT00193,1
CAT00446,RM0076,SUP0193,primary,71.3,34,650.0,0.9952,2025-07-01,,CT00229,1
CAT00447,RM0077,SUP0058,secondary,27.9,7,150.0,1.1283,2022-02-01,2023-01-31,CT00064,1
CAT00448,RM0077,SUP0162,tertiary,5.0,46,200.0,1.1529,2022-02-01,2023-01-31,CT00183,0
CAT00449,RM0077,SUP0118,primary,67.1,63,300.0,1.0274,2022-03-01,2024-02-29,CT00118,1
CAT00450,RM0077,SUP0058,secondary,27.9,7,150.0,1.1674,2023-02-01,2025-01-31,CT00065,1
CAT00451,RM0077,SUP0162,tertiary,5.0,46,200.0,1.1939,2023-02-01,2024-01-31,CT00184,0
CAT00452,RM0077,SUP0162,tertiary,5.0,46,200.0,1.1588,2024-02-01,,CT00185,0
CAT00453,RM0077,SUP0118,primary,67.1,63,300.0,1.0153,2024-03-01,,CT00119,1
CAT00454,RM0077,SUP0058,secondary,27.9,7,150.0,1.1996,2025-02-01,,CT00066,1
CAT00455,RM0078,SUP0140,secondary,33.9,22,200.0,1.7728,2022-03-01,2023-02-28,CT00156,1
CAT00456,RM0078,SUP0146,primary,66.1,46,150.0,1.7703,2022-08-01,2023-07-31,CT00167,1
CAT00457,RM0078,SUP0140,secondary,33.9,22,200.0,1.8372,2023-03-01,2025-02-28,CT00157,1
CAT00458,RM0078,SUP0146,primary,66.1,46,150.0,1.7954,2023-08-01,2025-07-31,CT00168,1
CAT00459,RM0078,SUP0140,secondary,33.9,22,200.0,1.8226,2025-03-01,,CT00158,1
CAT00460,RM0078,SUP0146,primary,66.1,46,150.0,1.8854,2025-08-01,,CT00169,1
CAT00461,RM0079,SUP0052,primary,72.6,13,150.0,0.9923,2022-08-01,2024-07-31,CT00056,1
CAT00462,RM0079,SUP0201,secondary,27.4,9,150.0,0.9551,2022-08-01,2024-07-31,CT00241,1
CAT00463,RM0079,SUP0052,primary,72.6,13,150.0,0.9676,2024-08-01,2025-07-31,CT00057,1
CAT00464,RM0079,SUP0201,secondary,27.4,9,150.0,0.9658,2024-08-01,,CT00242,1
CAT00465,RM0079,SUP0052,primary,72.6,13,150.0,1.0115,2025-08-01,,CT00058,1
CAT00466,RM0080,SUP0191,primary,77.6,42,70.0,0.9241,2022-01-01,2023-12-31,CT00220,1
CAT00467,RM0080,SUP0088,secondary,22.4,10,150.0,1.051,2022-08-01,2024-03-08,CT00088,1
CAT00468,RM0080,SUP0191,primary,77.6,42,70.0,0.9567,2024-01-01,2024-03-08,CT00221,1
CAT00469,RM0080,SUP0088,primary,77.6,10,150.0,1.051,2024-03-09,2024-07-31,CT00088,1
CAT00470,RM0080,SUP0191,secondary,22.4,42,70.0,0.9567,2024-03-09,2024-12-31,CT00221,1
CAT00471,RM0080,SUP0088,primary,77.6,10,150.0,1.063,2024-08-01,2025-07-31,CT00089,1
CAT00472,RM0080,SUP0191,secondary,22.4,42,70.0,0.9804,2025-01-01,,CT00222,1
CAT00473,RM0080,SUP0088,primary,77.6,10,150.0,1.0378,2025-08-01,,CT00090,1
CAT00474,RM0081,SUP0134,primary,100.0,40,90.0,1.8308,2022-08-01,2024-07-31,CT00138,1
CAT00475,RM0081,SUP0134,primary,100.0,40,90.0,1.8293,2024-08-01,2025-07-31,CT00139,1
CAT00476,RM0081,SUP0134,primary,100.0,40,90.0,1.9294,2025-08-01,,CT00140,1
CAT00477,RM0082,SUP0047,secondary,40.0,46,500.0,2.8192,2022-01-01,2022-12-31,CT00050,1
CAT00478,RM0082,SUP0179,primary,60.0,29,500.0,2.6242,2022-09-01,2022-12-31,CT00206,1
CAT00479,RM0082,SUP0179,primary,60.0,29,500.0,2.8971,2023-01-01,2023-12-31,CT00206,1
CAT00480,RM0082,SUP0047,secondary,40.0,46,500.0,3.0963,2023-01-01,2023-12-31,CT00051,1
CAT00481,RM0082,SUP0179,primary,60.0,29,500.0,3.2045,2024-01-01,2024-08-31,CT00206,1
CAT00482,RM0082,SUP0047,secondary,40.0,46,500.0,3.3841,2024-01-01,2024-12-31,CT00052,1
CAT00483,RM0082,SUP0179,primary,60.0,29,500.0,3.2821,2024-09-01,2024-12-31,CT00207,1
CAT00484,RM0082,SUP0179,primary,60.0,29,500.0,3.5274,2025-01-01,,CT00207,1
CAT00485,RM0082,SUP0047,secondary,40.0,46,500.0,3.7207,2025-01-01,,CT00052,1
CAT00486,RM0083,SUP0115,primary,70.5,11,200.0,3.0088,2022-02-01,2022-12-31,CT00116,1
CAT00487,RM0083,SUP0197,secondary,29.5,12,200.0,2.9097,2022-02-01,2022-12-31,CT00233,1
CAT00488,RM0083,SUP0115,primary,70.5,11,200.0,3.2514,2023-01-01,2023-12-31,CT00116,1
CAT00489,RM0083,SUP0197,secondary,29.5,12,200.0,3.0875,2023-01-01,2023-12-31,CT00233,1
CAT00490,RM0083,SUP0115,primary,70.5,11,200.0,3.4512,2024-01-01,2024-01-31,CT00116,1
CAT00491,RM0083,SUP0197,secondary,29.5,12,200.0,3.3996,2024-01-01,2024-01-31,CT00233,1
CAT00492,RM0083,SUP0115,primary,70.5,11,200.0,3.5928,2024-02-01,2024-12-31,CT00117,1
CAT00493,RM0083,SUP0197,secondary,29.5,12,200.0,3.5604,2024-02-01,2024-12-31,CT00234,1
CAT00494,RM0083,SUP0115,primary,70.5,11,200.0,3.9033,2025-01-01,,CT00117,1
CAT00495,RM0083,SUP0197,secondary,29.5,12,200.0,3.8762,2025-01-01,2025-01-31,CT00234,1
CAT00496,RM0083,SUP0197,secondary,29.5,12,200.0,4.1044,2025-02-01,,CT00235,1
CAT00497,RM0084,SUP0212,secondary,21.6,24,250.0,1.2127,2022-08-01,2022-12-31,CT00252,1
CAT00498,RM0084,SUP0226,primary,78.4,52,200.0,1.1108,2022-10-01,2022-12-31,CT00277,1
CAT00499,RM0084,SUP0226,primary,78.4,52,200.0,1.2048,2023-01-01,2023-12-31,CT00277,1
CAT00500,RM0084,SUP0212,secondary,21.6,24,250.0,1.3389,2023-01-01,2023-12-31,CT00252,1
CAT00501,RM0084,SUP0226,primary,78.4,52,200.0,1.3326,2024-01-01,2024-09-30,CT00277,1
CAT00502,RM0084,SUP0212,secondary,21.6,24,250.0,1.4587,2024-01-01,2024-07-31,CT00252,1
CAT00503,RM0084,SUP0212,secondary,21.6,24,250.0,1.5382,2024-08-01,2024-12-31,CT00253,1
CAT00504,RM0084,SUP0226,primary,78.4,52,200.0,1.3213,2024-10-01,2024-12-31,CT00278,1
CAT00505,RM0084,SUP0226,primary,78.4,52,200.0,1.454,2025-01-01,2025-04-17,CT00278,1
CAT00506,RM0084,SUP0212,secondary,21.6,24,250.0,1.7003,2025-01-01,2025-04-17,CT00253,1
CAT00507,RM0084,SUP0212,primary,78.4,24,250.0,1.7003,2025-04-18,2025-07-31,CT00253,1
CAT00508,RM0084,SUP0226,secondary,21.6,52,200.0,1.454,2025-04-18,,CT00278,1
CAT00509,RM0084,SUP0212,primary,78.4,24,250.0,1.6848,2025-08-01,,CT00254,1
CAT00510,RM0085,SUP0047,secondary,22.2,39,250.0,2.2669,2022-01-01,2022-12-31,CT00050,1
CAT00511,RM0085,SUP0039,primary,77.8,8,300.0,2.1809,2022-09-01,2022-12-31,CT00040,1
CAT00512,RM0085,SUP0039,primary,77.8,8,300.0,2.3708,2023-01-01,2023-12-31,CT00040,1
CAT00513,RM0085,SUP0047,secondary,22.2,39,250.0,2.4632,2023-01-01,2023-12-31,CT00051,1
CAT00514,RM0085,SUP0039,primary,77.8,8,300.0,2.5258,2024-01-01,2024-08-31,CT00040,1
CAT00515,RM0085,SUP0047,secondary,22.2,39,250.0,2.7199,2024-01-01,2024-12-31,CT00052,1
CAT00516,RM0085,SUP0039,primary,77.8,8,300.0,2.6523,2024-09-01,2024-12-31,CT00041,1
CAT00517,RM0085,SUP0039,primary,77.8,8,300.0,2.855,2025-01-01,2025-08-31,CT00041,1
CAT00518,RM0085,SUP0047,secondary,22.2,39,250.0,2.9282,2025-01-01,,CT00052,1
CAT00519,RM0085,SUP0039,primary,77.8,8,300.0,2.8266,2025-09-01,,CT00042,1
CAT00520,RM0086,SUP0033,primary,66.9,55,200.0,1.2344,2022-04-01,2022-12-31,CT00037,1
CAT00521,RM0086,SUP0146,secondary,33.1,48,150.0,1.3885,2022-08-01,2022-12-31,CT00167,1
CAT00522,RM0086,SUP0033,primary,66.9,55,200.0,1.3254,2023-01-01,2023-03-31,CT00037,1
CAT00523,RM0086,SUP0146,secondary,33.1,48,150.0,1.5432,2023-01-01,2023-07-31,CT00167,1
CAT00524,RM0086,SUP0033,primary,66.9,55,200.0,1.3571,2023-04-01,2023-12-31,CT00038,1
CAT00525,RM0086,SUP0146,secondary,33.1,48,150.0,1.5429,2023-08-01,2023-12-31,CT00168,1
CAT00526,RM0086,SUP0033,primary,66.9,55,200.0,1.4396,2024-01-01,2024-12-31,CT00038,1
CAT00527,RM0086,SUP0146,secondary,33.1,48,150.0,1.6759,2024-01-01,2024-12-31,CT00168,1
CAT00528,RM0086,SUP0033,primary,66.9,55,200.0,1.5341,2025-01-01,2025-03-31,CT00038,1
CAT00529,RM0086,SUP0146,secondary,33.1,48,150.0,1.7918,2025-01-01,2025-07-31,CT00168,1
CAT00530,RM0086,SUP0033,primary,66.9,55,200.0,1.4889,2025-04-01,,CT00039,1
CAT00531,RM0086,SUP0146,secondary,33.1,48,150.0,1.8512,2025-08-01,,CT00169,1
CAT00532,RM0087,SUP0054,secondary,25.6,8,200.0,1.625,2022-07-01,2022-12-31,CT00059,1
CAT00533,RM0087,SUP0199,primary,74.4,22,200.0,1.6092,2022-11-01,2022-12-31,CT00236,1
CAT00534,RM0087,SUP0199,primary,74.4,22,200.0,1.7814,2023-01-01,2023-10-31,CT00236,1
CAT00535,RM0087,SUP0054,secondary,25.6,8,200.0,1.7711,2023-01-01,2023-12-31,CT00059,1
CAT00536,RM0087,SUP0199,primary,74.4,22,200.0,1.7362,2023-11-01,2023-12-31,CT00237,1
CAT00537,RM0087,SUP0199,primary,74.4,22,200.0,1.9129,2024-01-01,2024-12-31,CT00237,1
CAT00538,RM0087,SUP0054,secondary,25.6,8,200.0,1.8777,2024-01-01,2024-06-30,CT00059,1
CAT00539,RM0087,SUP0054,secondary,25.6,8,200.0,1.8854,2024-07-01,2024-12-31,CT00060,1
CAT00540,RM0087,SUP0199,primary,74.4,22,200.0,2.1372,2025-01-01,2025-10-31,CT00237,1
CAT00541,RM0087,SUP0054,secondary,25.6,8,200.0,2.0082,2025-01-01,,CT00060,1
CAT00542,RM0087,SUP0199,primary,74.4,22,200.0,2.0915,2025-11-01,,CT00238,1
CAT00543,RM0088,SUP0042,primary,68.4,21,80.0,1.9283,2022-03-01,2022-12-31,CT00043,1
CAT00544,RM0088,SUP0183,secondary,31.6,17,100.0,2.066,2022-05-01,2022-12-31,CT00214,1
CAT00545,RM0088,SUP0042,primary,68.4,21,80.0,2.1058,2023-01-01,2023-02-28,CT00043,1
CAT00546,RM0088,SUP0183,secondary,31.6,17,100.0,2.2136,2023-01-01,2023-12-31,CT00214,1
CAT00547,RM0088,SUP0042,primary,68.4,21,80.0,2.1043,2023-03-01,2023-12-31,CT00044,1
CAT00548,RM0088,SUP0042,primary,68.4,21,80.0,2.2611,2024-01-01,2024-02-29,CT00044,1
CAT00549,RM0088,SUP0183,secondary,31.6,17,100.0,2.4292,2024-01-01,2024-04-30,CT00214,1
CAT00550,RM0088,SUP0042,primary,68.4,21,80.0,2.2924,2024-03-01,2024-12-31,CT00045,1
CAT00551,RM0088,SUP0183,secondary,31.6,17,100.0,2.4174,2024-05-01,2024-12-31,CT00215,1
CAT00552,RM0088,SUP0042,primary,68.4,21,80.0,2.4415,2025-01-01,2025-02-28,CT00045,1
CAT00553,RM0088,SUP0183,secondary,31.6,17,100.0,2.566,2025-01-01,2025-04-30,CT00215,1
CAT00554,RM0088,SUP0042,primary,68.4,21,80.0,2.389,2025-03-01,,CT00046,1
CAT00555,RM0088,SUP0183,secondary,31.6,17,100.0,2.6702,2025-05-01,,CT00216,1
CAT00556,RM0089,SUP0208,secondary,28.1,53,95.0,1.729,2022-09-01,2022-12-31,CT00249,1
CAT00557,RM0089,SUP0241,primary,71.9,15,75.0,1.6471,2022-10-01,2022-12-31,CT00304,1
CAT00558,RM0089,SUP0241,primary,71.9,15,75.0,1.793,2023-01-01,2023-09-30,CT00304,1
CAT00559,RM0089,SUP0208,secondary,28.1,53,95.0,1.8768,2023-01-01,2023-12-31,CT00249,1
CAT00560,RM0089,SUP0241,primary,71.9,15,75.0,1.84,2023-10-01,2023-12-31,CT00305,1
CAT00561,RM0089,SUP0241,primary,71.9,15,75.0,2.0223,2024-01-01,2024-12-31,CT00305,1
CAT00562,RM0089,SUP0208,secondary,28.1,53,95.0,2.0657,2024-01-01,2024-08-31,CT00249,1
CAT00563,RM0089,SUP0208,secondary,28.1,53,95.0,2.0211,2024-09-01,2024-12-31,CT00250,1
CAT00564,RM0089,SUP0241,primary,71.9,15,75.0,2.2174,2025-01-01,2025-09-30,CT00305,1
CAT00565,RM0089,SUP0208,secondary,28.1,53,95.0,2.194,2025-01-01,2025-08-31,CT00250,1
CAT00566,RM0089,SUP0208,secondary,28.1,53,95.0,2.2397,2025-09-01,,CT00251,1
CAT00567,RM0089,SUP0241,primary,71.9,15,75.0,2.2343,2025-10-01,,CT00306,1
CAT00568,RM0090,SUP0151,primary,100.0,24,35.0,1.361,2022-06-01,2022-12-31,CT00170,1
CAT00569,RM0090,SUP0151,primary,100.0,24,35.0,1.4885,2023-01-01,2023-05-31,CT00170,1
CAT00570,RM0090,SUP0151,primary,100.0,24,35.0,1.4491,2023-06-01,2023-12-31,CT00171,1
CAT00571,RM0090,SUP0151,primary,100.0,24,35.0,1.5364,2024-01-01,2024-05-31,CT00171,1
CAT00572,RM0090,SUP0151,primary,100.0,24,35.0,1.5791,2024-06-01,2024-12-31,CT00172,1
CAT00573,RM0090,SUP0151,primary,100.0,24,35.0,1.737,2025-01-01,,CT00172,1
CAT00574,RM0091,SUP0005,secondary,26.7,22,45.0,2.4302,2022-01-01,2022-12-31,CT00001,1
CAT00575,RM0091,SUP0062,primary,73.3,57,65.0,2.2098,2022-08-01,2022-12-31,CT00067,1
CAT00576,RM0091,SUP0062,primary,73.3,57,65.0,2.4034,2023-01-01,2023-12-31,CT00067,1
CAT00577,RM0091,SUP0005,secondary,26.7,22,45.0,2.6729,2023-01-01,2023-12-31,CT00001,1
CAT00578,RM0091,SUP0062,primary,73.3,57,65.0,2.5778,2024-01-01,2024-07-31,CT00067,1
CAT00579,RM0091,SUP0005,secondary,26.7,22,45.0,2.9546,2024-01-01,2024-12-31,CT00002,1
CAT00580,RM0091,SUP0062,primary,73.3,57,65.0,2.7254,2024-08-01,2024-12-31,CT00068,1
CAT00581,RM0091,SUP0062,primary,73.3,57,65.0,2.9853,2025-01-01,2025-02-23,CT00068,1
CAT00582,RM0091,SUP0005,secondary,26.7,22,45.0,3.2285,2025-01-01,2025-02-23,CT00003,1
CAT00583,RM0091,SUP0005,primary,73.3,22,45.0,3.2285,2025-02-24,,CT00003,1
CAT00584,RM0091,SUP0062,secondary,26.7,57,65.0,2.9853,2025-02-24,,CT00068,1
CAT00585,RM0092,SUP0236,tertiary,5.0,42,85.0,2.0329,2022-04-01,2022-12-31,CT00290,0
CAT00586,RM0092,SUP0125,secondary,19.1,11,70.0,1.8537,2022-05-01,2022-12-31,CT00129,1
CAT00587,RM0092,SUP0145,primary,75.9,35,40.0,1.7469,2022-09-01,2022-12-31,CT00164,1
CAT00588,RM0092,SUP0145,primary,75.9,35,40.0,1.8604,2023-01-01,2023-12-31,CT00164,1
CAT00589,RM0092,SUP0125,secondary,19.1,11,70.0,2.053,2023-01-01,2023-12-31,CT00129,1
CAT00590,RM0092,SUP0236,tertiary,5.0,42,85.0,2.27,2023-01-01,2023-03-31,CT00290,0
CAT00591,RM0092,SUP0236,tertiary,5.0,42,85.0,2.2917,2023-04-01,2023-12-31,CT00291,0
CAT00592,RM0092,SUP0145,primary,75.9,35,40.0,1.9885,2024-01-01,2024-08-31,CT00164,1
CAT00593,RM0092,SUP0125,secondary,19.1,11,70.0,2.2854,2024-01-01,2024-04-30,CT00129,1
CAT00594,RM0092,SUP0236,tertiary,5.0,42,85.0,2.564,2024-01-01,2024-03-31,CT00291,0
CAT00595,RM0092,SUP0236,tertiary,5.0,42,85.0,2.5535,2024-04-01,2024-12-31,CT00292,0
CAT00596,RM0092,SUP0125,secondary,19.1,11,70.0,2.3221,2024-05-01,2024-12-31,CT00130,1
CAT00597,RM0092,SUP0145,primary,75.9,35,40.0,2.0876,2024-09-01,2024-12-31,CT00165,1
CAT00598,RM0092,SUP0145,primary,75.9,35,40.0,2.2304,2025-01-01,2025-08-31,CT00165,1
CAT00599,RM0092,SUP0125,secondary,19.1,11,70.0,2.5526,2025-01-01,2025-04-30,CT00130,1
CAT00600,RM0092,SUP0236,tertiary,5.0,42,85.0,2.8236,2025-01-01,2025-03-31,CT00292,0
CAT00601,RM0092,SUP0236,tertiary,5.0,42,85.0,2.828,2025-04-01,,CT00293,0
CAT00602,RM0092,SUP0125,secondary,19.1,11,70.0,2.5686,2025-05-01,,CT00131,1
CAT00603,RM0092,SUP0145,primary,75.9,35,40.0,2.2516,2025-09-01,,CT00166,1
CAT00604,RM0093,SUP0152,secondary,35.4,29,15.0,2.0769,2022-05-01,2022-12-31,CT00173,1
CAT00605,RM0093,SUP0141,primary,64.6,15,15.0,1.9892,2022-10-01,2022-12-31,CT00159,1
CAT00606,RM0093,SUP0141,primary,64.6,15,15.0,2.1397,2023-01-01,2023-12-31,CT00159,1
CAT00607,RM0093,SUP0152,secondary,35.4,29,15.0,2.2698,2023-01-01,2023-04-30,CT00173,1
CAT00608,RM0093,SUP0152,secondary,35.4,29,15.0,2.3734,2023-05-01,2023-12-31,CT00174,1
CAT00609,RM0093,SUP0141,primary,64.6,15,15.0,2.3264,2024-01-01,2024-09-30,CT00159,1
CAT00610,RM0093,SUP0152,secondary,35.4,29,15.0,2.6237,2024-01-01,2024-12-31,CT00174,1
CAT00611,RM0093,SUP0141,primary,64.6,15,15.0,2.3372,2024-10-01,2024-12-31,CT00160,1
CAT00612,RM0093,SUP0141,primary,64.6,15,15.0,2.6043,2025-01-01,2025-09-30,CT00160,1
CAT00613,RM0093,SUP0152,secondary,35.4,29,15.0,2.8706,2025-01-01,2025-04-30,CT00174,1
CAT00614,RM0093,SUP0152,secondary,35.4,29,15.0,2.8114,2025-05-01,,CT00175,1
CAT00615,RM0093,SUP0141,primary,64.6,15,15.0,2.6047,2025-10-01,,CT00161,1
CAT00616,RM0094,SUP0105,secondary,32.5,30,30.0,2.2271,2022-05-01,2022-12-31,CT00108,1
CAT00617,RM0094,SUP0157,primary,67.5,53,30.0,2.2773,2022-07-01,2022-12-31,CT00178,1
CAT00618,RM0094,SUP0157,primary,67.5,53,30.0,2.4247,2023-01-01,2023-12-31,CT00178,1
CAT00619,RM0094,SUP0105,secondary,32.5,30,30.0,2.4925,2023-01-01,2023-04-30,CT00108,1
CAT00620,RM0094,SUP0105,secondary,32.5,30,30.0,2.6209,2023-05-01,2023-12-31,CT00109,1
CAT00621,RM0094,SUP0157,primary,67.5,53,30.0,2.6603,2024-01-01,2024-06-30,CT00178,1
CAT00622,RM0094,SUP0105,secondary,32.5,30,30.0,2.8014,2024-01-01,2024-04-30,CT00109,1
CAT00623,RM0094,SUP0105,secondary,32.5,30,30.0,2.8201,2024-05-01,2024-12-31,CT00110,1
CAT00624,RM0094,SUP0157,primary,67.5,53,30.0,2.586,2024-07-01,2024-12-31,CT00179,1
CAT00625,RM0094,SUP0157,primary,67.5,53,30.0,2.8937,2025-01-01,,CT00179,1
CAT00626,RM0094,SUP0105,secondary,32.5,30,30.0,3.094,2025-01-01,,CT00110,1
CAT00627,RM0095,SUP0215,primary,67.0,36,80.0,2.6596,2022-03-01,2022-12-31,CT00259,1
CAT00628,RM0095,SUP0129,secondary,33.0,55,40.0,2.5419,2022-11-01,2022-12-31,CT00132,1
CAT00629,RM0095,SUP0215,primary,67.0,36,80.0,2.9358,2023-01-01,2023-12-31,CT00259,1
CAT00630,RM0095,SUP0129,secondary,33.0,55,40.0,2.8175,2023-01-01,2023-12-31,CT00132,1
CAT00631,RM0095,SUP0215,primary,67.0,36,80.0,3.2563,2024-01-01,2024-02-29,CT00259,1
CAT00632,RM0095,SUP0129,secondary,33.0,55,40.0,3.0483,2024-01-01,2024-10-31,CT00132,1
CAT00633,RM0095,SUP0215,primary,67.0,36,80.0,3.1634,2024-03-01,2024-12-31,CT00260,1
CAT00634,RM0095,SUP0129,secondary,33.0,55,40.0,3.0799,2024-11-01,2024-12-31,CT00133,1
CAT00635,RM0095,SUP0215,primary,67.0,36,80.0,3.3562,2025-01-01,,CT00260,1
CAT00636,RM0095,SUP0129,secondary,33.0,55,40.0,3.3139,2025-01-01,2025-10-31,CT00133,1
CAT00637,RM0095,SUP0129,secondary,33.0,55,40.0,3.4829,2025-11-01,,CT00134,1
CAT00638,RM0096,SUP0030,secondary,26.6,15,45.0,2.4182,2022-01-01,2022-12-31,CT00034,1
CAT00639,RM0096,SUP0138,primary,73.4,54,20.0,2.3034,2022-04-01,2022-12-31,CT00150,1
CAT00640,RM0096,SUP0138,primary,73.4,54,20.0,2.4938,2023-01-01,2023-12-31,CT00150,1
CAT00641,RM0096,SUP0030,secondary,26.6,15,45.0,2.6524,2023-01-01,2023-12-31,CT00034,1
CAT00642,RM0096,SUP0138,primary,73.4,54,20.0,2.6906,2024-01-01,2024-03-31,CT00150,1
CAT00643,RM0096,SUP0030,secondary,26.6,15,45.0,2.927,2024-01-01,2024-12-31,CT00035,1
CAT00644,RM0096,SUP0138,primary,73.4,54,20.0,2.7404,2024-04-01,2024-12-31,CT00151,1
CAT00645,RM0096,SUP0138,primary,73.4,54,20.0,2.9068,2025-01-01,2025-03-31,CT00151,1
CAT00646,RM0096,SUP0030,secondary,26.6,15,45.0,3.1926,2025-01-01,,CT00036,1
CAT00647,RM0096,SUP0138,primary,73.4,54,20.0,3.0615,2025-04-01,,CT00152,1
CAT00648,RM0097,SUP0183,primary,66.3,15,40.0,2.7464,2022-05-01,2022-12-31,CT00214,1
CAT00649,RM0097,SUP0013,secondary,33.7,21,25.0,2.8207,2022-07-01,2022-12-31,CT00015,1
CAT00650,RM0097,SUP0183,primary,66.3,15,40.0,2.9626,2023-01-01,2023-12-31,CT00214,1
CAT00651,RM0097,SUP0013,secondary,33.7,21,25.0,3.0898,2023-01-01,2023-12-31,CT00015,1
CAT00652,RM0097,SUP0183,primary,66.3,15,40.0,3.2559,2024-01-01,2024-04-30,CT00214,1
CAT00653,RM0097,SUP0013,secondary,33.7,21,25.0,3.4141,2024-01-01,2024-06-30,CT00015,1
CAT00654,RM0097,SUP0183,primary,66.3,15,40.0,3.2338,2024-05-01,2024-12-31,CT00215,1
CAT00655,RM0097,SUP0013,secondary,33.7,21,25.0,3.4715,2024-07-01,2024-12-31,CT00016,1
CAT00656,RM0097,SUP0183,primary,66.3,15,40.0,3.4337,2025-01-01,2025-04-30,CT00215,1
CAT00657,RM0097,SUP0013,secondary,33.7,21,25.0,3.6805,2025-01-01,2025-06-30,CT00016,1
CAT00658,RM0097,SUP0183,primary,66.3,15,40.0,3.5231,2025-05-01,,CT00216,1
CAT00659,RM0097,SUP0013,secondary,33.7,21,25.0,3.8676,2025-07-01,,CT00017,1
CAT00660,RM0098,SUP0111,primary,75.4,22,25.0,2.0513,2022-03-01,2022-12-31,CT00113,1
CAT00661,RM0098,SUP0201,secondary,24.6,13,15.0,2.0891,2022-08-01,2022-12-31,CT00241,1
CAT00662,RM0098,SUP0111,primary,75.4,22,25.0,2.2534,2023-01-01,2023-02-28,CT00113,1
CAT00663,RM0098,SUP0201,secondary,24.6,13,15.0,2.2474,2023-01-01,2023-12-31,CT00241,1
CAT00664,RM0098,SUP0111,primary,75.4,22,25.0,2.2248,2023-03-01,2023-12-31,CT00114,1
CAT00665,RM0098,SUP0111,primary,75.4,22,25.0,2.3898,2024-01-01,2024-02-29,CT00114,1
CAT00666,RM0098,SUP0201,secondary,24.6,13,15.0,2.4182,2024-01-01,2024-07-31,CT00241,1
CAT00667,RM0098,SUP0111,primary,75.4,22,25.0,2.3197,2024-03-01,2024-12-31,CT00115,1
CAT00668,RM0098,SUP0201,secondary,24.6,13,15.0,2.381,2024-08-01,2024-12-31,CT00242,1
CAT00669,RM0098,SUP0111,primary,75.4,22,25.0,2.4674,2025-01-01,,CT00115,1
CAT00670,RM0098,SUP0201,secondary,24.6,13,15.0,2.5645,2025-01-01,,CT00242,1
CAT00671,RM0099,SUP0109,primary,64.1,3,20.0,1.6399,2022-03-01,2022-12-31,CT00111,1
CAT00672,RM0099,SUP0122,secondary,35.9,39,20.0,1.5642,2022-08-01,2022-12-31,CT00120,1
CAT00673,RM0099,SUP0109,primary,64.1,3,20.0,1.8197,2023-01-01,2023-12-31,CT00111,1
CAT00674,RM0099,SUP0122,secondary,35.9,39,20.0,1.69,2023-01-01,2023-12-31,CT00120,1
CAT00675,RM0099,SUP0109,primary,64.1,3,20.0,2.034,2024-01-01,2024-02-29,CT00111,1
CAT00676,RM0099,SUP0122,secondary,35.9,39,20.0,1.8708,2024-01-01,2024-07-31,CT00120,1
CAT00677,RM0099,SUP0109,primary,64.1,3,20.0,2.0557,2024-03-01,2024-12-31,CT00112,1
CAT00678,RM0099,SUP0122,secondary,35.9,39,20.0,1.9288,2024-08-01,2024-12-31,CT00121,1
CAT00679,RM0099,SUP0109,primary,64.1,3,20.0,2.2888,2025-01-01,,CT00112,1
CAT00680,RM0099,SUP0122,secondary,35.9,39,20.0,2.0626,2025-01-01,2025-07-31,CT00121,1
CAT00681,RM0099,SUP0122,secondary,35.9,39,20.0,2.0287,2025-08-01,,CT00122,1
CAT00682,RM0100,SUP0135,secondary,34.3,59,150.0,2.6049,2022-03-01,2024-02-29,CT00141,1
CAT00683,RM0100,SUP0026,primary,65.7,19,65.0,2.3896,2022-07-01,2024-06-30,CT00026,1
CAT00684,RM0100,SUP0135,secondary,34.3,59,150.0,2.5777,2024-03-01,2025-02-28,CT00142,1
CAT00685,RM0100,SUP0026,primary,65.7,19,65.0,2.36,2024-07-01,2025-06-30,CT00027,1
CAT00686,RM0100,SUP0135,secondary,34.3,59,150.0,2.6142,2025-03-01,,CT00143,1
CAT00687,RM0100,SUP0026,primary,65.7,19,65.0,2.3386,2025-07-01,,CT00028,1
CAT00688,RM0101,SUP0086,primary,61.8,61,25.0,5.4585,2022-05-01,2024-04-30,CT00086,1
CAT00689,RM0101,SUP0157,secondary,38.2,53,35.0,6.104,2022-07-01,2024-06-30,CT00178,1
CAT00690,RM0101,SUP0086,primary,61.8,61,25.0,5.3002,2024-05-01,,CT00087,1
CAT00691,RM0101,SUP0157,secondary,38.2,53,35.0,6.173,2024-07-01,,CT00179,1
CAT00692,RM0102,SUP0136,primary,72.6,46,50.0,3.4821,2022-05-01,2023-04-30,CT00144,1
CAT00693,RM0102,SUP0220,secondary,27.4,9,65.0,3.8001,2022-09-01,2024-08-31,CT00270,1
CAT00694,RM0102,SUP0136,primary,72.6,46,50.0,3.4832,2023-05-01,2025-04-30,CT00145,1
CAT00695,RM0102,SUP0220,secondary,27.4,9,65.0,3.9346,2024-09-01,,CT00271,1
CAT00696,RM0102,SUP0136,primary,72.6,46,50.0,3.3885,2025-05-01,,CT00146,1
CAT00697,RM0103,SUP0047,primary,66.4,42,35.0,5.6577,2022-01-01,2022-12-31,CT00050,1
CAT00698,RM0103,SUP0115,tertiary,5.0,13,20.0,6.2023,2022-02-01,2024-01-31,CT00116,1
CAT00699,RM0103,SUP0123,secondary,28.6,35,30.0,6.0083,2022-11-01,2023-10-31,CT00123,1
CAT00700,RM0103,SUP0047,primary,66.4,42,35.0,5.6444,2023-01-01,2023-12-31,CT00051,1
CAT00701,RM0103,SUP0123,secondary,28.6,35,30.0,6.1552,2023-11-01,2025-10-31,CT00124,1
CAT00702,RM0103,SUP0047,primary,66.4,42,35.0,5.5531,2024-01-01,,CT00052,1
CAT00703,RM0103,SUP0115,tertiary,5.0,13,20.0,6.4295,2024-02-01,,CT00117,1
CAT00704,RM0103,SUP0123,secondary,28.6,35,30.0,6.1476,2025-11-01,,CT00125,1
CAT00705,RM0104,SUP0125,secondary,22.7,6,15.0,5.0791,2022-05-01,2024-04-30,CT00129,1
CAT00706,RM0104,SUP0239,primary,77.3,37,15.0,4.7939,2022-09-01,2023-08-31,CT00297,1
CAT00707,RM0104,SUP0239,primary,77.3,37,15.0,4.8417,2023-09-01,2024-08-31,CT00298,1
CAT00708,RM0104,SUP0125,secondary,22.7,6,15.0,5.3264,2024-05-01,2025-04-30,CT00130,1
CAT00709,RM0104,SUP0239,primary,77.3,37,15.0,4.8596,2024-09-01,2025-08-31,CT00299,1
CAT00710,RM0104,SUP0125,secondary,22.7,6,15.0,5.5026,2025-05-01,,CT00131,1
CAT00711,RM0104,SUP0239,primary,77.3,37,15.0,4.8298,2025-09-01,,CT00300,1
CAT00712,RM0105,SUP0042,tertiary,5.0,22,200.0,0.6715,2022-03-01,2023-02-28,CT00043,1
CAT00713,RM0105,SUP0138,secondary,16.3,56,250.0,0.6076,2022-04-01,2024-03-31,CT00150,1
CAT00714,RM0105,SUP0200,primary,78.7,49,300.0,0.5939,2022-10-01,2024-09-30,CT00239,1
CAT00715,RM0105,SUP0042,tertiary,5.0,22,200.0,0.6878,2023-03-01,2024-02-29,CT00044,1
CAT00716,RM0105,SUP0042,tertiary,5.0,22,200.0,0.6678,2024-03-01,2025-02-28,CT00045,1
CAT00717,RM0105,SUP0138,secondary,16.3,56,250.0,0.6252,2024-04-01,2025-03-31,CT00151,1
CAT00718,RM0105,SUP0200,primary,78.7,49,300.0,0.6244,2024-10-01,,CT00240,1
CAT00719,RM0105,SUP0042,tertiary,5.0,22,200.0,0.6994,2025-03-01,,CT00046,1
CAT00720,RM0105,SUP0138,secondary,16.3,56,250.0,0.615,2025-04-01,,CT00152,1
CAT00721,RM0106,SUP0208,secondary,37.8,53,200.0,1.3497,2022-09-01,2024-08-31,CT00249,1
CAT00722,RM0106,SUP0129,primary,62.2,50,200.0,1.3469,2022-11-01,2024-10-31,CT00132,1
CAT00723,RM0106,SUP0208,secondary,37.8,53,200.0,1.424,2024-09-01,2025-08-31,CT00250,1
CAT00724,RM0106,SUP0129,primary,62.2,50,200.0,1.3959,2024-11-01,2025-10-31,CT00133,1
CAT00725,RM0106,SUP0208,secondary,37.8,53,200.0,1.4165,2025-09-01,,CT00251,1
CAT00726,RM0106,SUP0129,primary,62.2,50,200.0,1.3774,2025-11-01,,CT00134,1
CAT00727,RM0107,SUP0103,primary,79.1,30,55.0,2.9914,2022-05-01,2024-04-30,CT00105,1
CAT00728,RM0107,SUP0125,secondary,20.9,5,30.0,3.2093,2022-05-01,2024-04-30,CT00129,1
CAT00729,RM0107,SUP0103,primary,79.1,30,55.0,3.1508,2024-05-01,2025-04-30,CT00106,1
CAT00730,RM0107,SUP0125,secondary,20.9,5,30.0,3.2422,2024-05-01,2025-04-30,CT00130,1
CAT00731,RM0107,SUP0103,primary,79.1,30,55.0,3.1433,2025-05-01,,CT00107,1
CAT00732,RM0107,SUP0125,secondary,20.9,5,30.0,3.3273,2025-05-01,,CT00131,1
CAT00733,RM0108,SUP0076,secondary,32.3,43,80.0,1.6255,2022-01-01,2023-12-31,CT00075,1
CAT00734,RM0108,SUP0232,primary,62.7,13,35.0,1.3894,2022-04-01,2023-03-31,CT00287,1
CAT00735,RM0108,SUP0226,tertiary,5.0,50,100.0,1.6882,2022-10-01,2024-09-30,CT00277,1
CAT00736,RM0108,SUP0232,primary,62.7,13,35.0,1.3995,2023-04-01,2025-03-31,CT00288,1
CAT00737,RM0108,SUP0076,secondary,32.3,43,80.0,1.6453,2024-01-01,,CT00076,1
CAT00738,RM0108,SUP0226,tertiary,5.0,50,100.0,1.6818,2024-10-01,,CT00278,1
CAT00739,RM0108,SUP0232,primary,62.7,13,35.0,1.4694,2025-04-01,,CT00289,1
CAT00740,RM0109,SUP0182,primary,100.0,40,250.0,1.6944,2022-08-01,2023-07-31,CT00211,1
CAT00741,RM0109,SUP0182,primary,100.0,40,250.0,1.6749,2023-08-01,2024-07-31,CT00212,1
CAT00742,RM0109,SUP0182,primary,100.0,40,250.0,1.6398,2024-08-01,,CT00213,1
CAT00743,RM0110,SUP0055,primary,71.0,23,2000.0,1.8843,2022-03-01,2023-02-28,CT00061,1
CAT00744,RM0110,SUP0216,secondary,29.0,58,3000.0,1.8734,2022-08-01,2024-07-31,CT00261,1
CAT00745,RM0110,SUP0055,primary,71.0,23,2000.0,1.8445,2023-03-01,2025-02-28,CT00062,1
CAT00746,RM0110,SUP0216,secondary,29.0,58,3000.0,1.9037,2024-08-01,,CT00262,1
CAT00747,RM0110,SUP0055,primary,71.0,23,2000.0,1.9019,2025-03-01,,CT00063,1
CAT00748,RM0111,SUP0125,primary,100.0,5,1000.0,1.3345,2022-05-01,2024-04-30,CT00129,1
CAT00749,RM0111,SUP0125,primary,100.0,5,1000.0,1.314,2024-05-01,2025-04-30,CT00130,1
CAT00750,RM0111,SUP0125,primary,100.0,5,1000.0,1.2795,2025-05-01,,CT00131,1
CAT00751,RM0112,SUP0039,primary,79.6,6,750.0,1.3912,2022-09-01,2024-08-31,CT00040,1
CAT00752,RM0112,SUP0124,secondary,20.4,16,400.0,1.3962,2022-09-01,2023-08-31,CT00126,1
CAT00753,RM0112,SUP0124,secondary,20.4,16,400.0,1.3704,2023-09-01,2024-08-31,CT00127,1
CAT00754,RM0112,SUP0039,primary,79.6,6,750.0,1.3946,2024-09-01,2025-08-31,CT00041,1
CAT00755,RM0112,SUP0124,secondary,20.4,16,400.0,1.3778,2024-09-01,,CT00128,1
CAT00756,RM0112,SUP0039,primary,79.6,6,750.0,1.4003,2025-09-01,,CT00042,1
CAT00757,RM0113,SUP0179,primary,66.1,31,600.0,1.7009,2022-09-01,2024-08-31,CT00206,1
CAT00758,RM0113,SUP0101,secondary,33.9,9,350.0,1.8218,2022-10-01,2023-09-30,CT00102,1
CAT00759,RM0113,SUP0101,secondary,33.9,9,350.0,1.7833,2023-10-01,2025-09-30,CT00103,1
CAT00760,RM0113,SUP0179,primary,66.1,31,600.0,1.8008,2024-09-01,,CT00207,1
CAT00761,RM0113,SUP0101,secondary,33.9,9,350.0,1.792,2025-10-01,,CT00104,1
CAT00762,RM0114,SUP0054,secondary,36.6,3,250.0,1.6433,2022-07-01,2024-06-30,CT00059,1
CAT00763,RM0114,SUP0039,primary,63.4,7,450.0,1.4237,2022-09-01,2024-08-31,CT00040,1
CAT00764,RM0114,SUP0054,secondary,36.6,3,250.0,1.6648,2024-07-01,,CT00060,1
CAT00765,RM0114,SUP0039,primary,63.4,7,450.0,1.482,2024-09-01,2025-08-31,CT00041,1
CAT00766,RM0114,SUP0039,primary,63.4,7,450.0,1.5208,2025-09-01,,CT00042,1
CAT00767,RM0115,SUP0185,secondary,27.6,8,150.0,1.3639,2022-04-01,2024-03-31,CT00217,1
CAT00768,RM0115,SUP0231,tertiary,5.0,36,450.0,1.4222,2022-04-01,2024-03-31,CT00285,0
CAT00769,RM0115,SUP0089,primary,67.4,23,500.0,1.4098,2022-07-01,2023-06-30,CT00091,1
CAT00770,RM0115,SUP0089,primary,67.4,23,500.0,1.4865,2023-07-01,2024-06-30,CT00092,1
CAT00771,RM0115,SUP0185,secondary,27.6,8,150.0,1.3783,2024-04-01,2025-03-31,CT00218,1
CAT00772,RM0115,SUP0231,tertiary,5.0,36,450.0,1.4279,2024-04-01,,CT00286,0
CAT00773,RM0115,SUP0089,primary,67.4,23,500.0,1.4712,2024-07-01,2025-06-30,CT00093,1
CAT00774,RM0115,SUP0185,secondary,27.6,8,150.0,1.4349,2025-04-01,,CT00219,1
CAT00775,RM0115,SUP0089,primary,67.4,23,500.0,1.4515,2025-07-01,,CT00094,1
CAT00776,RM0116,SUP0135,primary,61.3,59,450.0,1.7194,2022-03-01,2024-02-29,CT00141,1
CAT00777,RM0116,SUP0055,tertiary,5.0,24,450.0,1.8666,2022-03-01,2023-02-28,CT00061,0
CAT00778,RM0116,SUP0025,secondary,33.7,17,550.0,1.7495,2022-08-01,2024-07-31,CT00024,1
CAT00779,RM0116,SUP0055,tertiary,5.0,24,450.0,1.8287,2023-03-01,2025-02-28,CT00062,0
CAT00780,RM0116,SUP0135,primary,61.3,59,450.0,1.7035,2024-03-01,2025-02-28,CT00142,1
CAT00781,RM0116,SUP0025,secondary,33.7,17,550.0,1.7194,2024-08-01,,CT00025,1
CAT00782,RM0116,SUP0135,primary,61.3,59,450.0,1.7674,2025-03-01,,CT00143,1
CAT00783,RM0116,SUP0055,tertiary,5.0,24,450.0,1.7812,2025-03-01,,CT00063,0
CAT00784,RM0117,SUP0191,primary,79.9,42,350.0,1.0799,2022-01-01,2023-12-31,CT00220,1
CAT00785,RM0117,SUP0192,secondary,15.1,28,350.0,1.1728,2022-04-01,2023-03-31,CT00223,1
CAT00786,RM0117,SUP0012,tertiary,5.0,34,300.0,1.3452,2022-10-01,2024-09-30,CT00012,1
CAT00787,RM0117,SUP0192,secondary,15.1,28,350.0,1.1823,2023-04-01,2024-03-31,CT00224,1
CAT00788,RM0117,SUP0191,primary,79.9,42,350.0,1.1385,2024-01-01,2024-12-31,CT00221,1
CAT00789,RM0117,SUP0192,secondary,15.1,28,350.0,1.201,2024-04-01,2025-03-31,CT00225,1
CAT00790,RM0117,SUP0012,tertiary,5.0,34,300.0,1.3562,2024-10-01,2025-09-30,CT00013,1
CAT00791,RM0117,SUP0191,primary,79.9,42,350.0,1.2053,2025-01-01,,CT00222,1
CAT00792,RM0117,SUP0192,secondary,15.1,28,350.0,1.2443,2025-04-01,,CT00226,1
CAT00793,RM0117,SUP0012,tertiary,5.0,34,300.0,1.3609,2025-10-01,,CT00014,1
CAT00794,RM0118,SUP0176,tertiary,5.0,47,60.0,3.5544,2022-01-01,2023-12-31,CT00204,0
CAT00795,RM0118,SUP0217,secondary,29.1,30,70.0,3.0155,2022-10-01,2023-09-30,CT00263,1
CAT00796,RM0118,SUP0123,primary,65.9,33,75.0,3.1463,2022-11-01,2023-10-31,CT00123,1
CAT00797,RM0118,SUP0217,secondary,29.1,30,70.0,3.0712,2023-10-01,2024-09-30,CT00264,1
CAT00798,RM0118,SUP0123,primary,65.9,33,75.0,3.1813,2023-11-01,2025-10-31,CT00124,1
CAT00799,RM0118,SUP0176,tertiary,5.0,47,60.0,3.6596,2024-01-01,,CT00205,0
CAT00800,RM0118,SUP0217,secondary,29.1,30,70.0,3.2369,2024-10-01,2025-09-30,CT00265,1
CAT00801,RM0118,SUP0217,secondary,29.1,30,70.0,3.1943,2025-10-01,,CT00266,1
CAT00802,RM0118,SUP0123,primary,65.9,33,75.0,3.1131,2025-11-01,,CT00125,1
CAT00803,RM0119,SUP0125,primary,72.4,4,25.0,3.3543,2022-05-01,2024-04-30,CT00129,1
CAT00804,RM0119,SUP0146,secondary,27.6,49,20.0,3.3664,2022-08-01,2023-07-31,CT00167,1
CAT00805,RM0119,SUP0146,secondary,27.6,49,20.0,3.3258,2023-08-01,2025-07-31,CT00168,1
CAT00806,RM0119,SUP0125,primary,72.4,4,25.0,3.4805,2024-05-01,2025-04-30,CT00130,1
CAT00807,RM0119,SUP0125,primary,72.4,4,25.0,3.4841,2025-05-01,,CT00131,1
CAT00808,RM0119,SUP0146,secondary,27.6,49,20.0,3.3444,2025-08-01,,CT00169,1
CAT00809,RM0120,SUP0164,secondary,34.0,56,9.0,2.4126,2022-03-01,2023-02-28,CT00186,1
CAT00810,RM0120,SUP0129,primary,66.0,51,9.5,2.4459,2022-11-01,2024-10-31,CT00132,1
CAT00811,RM0120,SUP0164,secondary,34.0,56,9.0,2.4479,2023-03-01,2024-02-29,CT00187,1
CAT00812,RM0120,SUP0164,secondary,34.0,56,9.0,2.5382,2024-03-01,,CT00188,1
CAT00813,RM0120,SUP0129,primary,66.0,51,9.5,2.4937,2024-11-01,2025-10-31,CT00133,1
CAT00814,RM0120,SUP0129,primary,66.0,51,9.5,2.4951,2025-11-01,,CT00134,1
CAT00815,RM0121,SUP0236,secondary,38.4,45,15.0,2.558,2022-04-01,2023-03-31,CT00290,1
CAT00816,RM0121,SUP0039,primary,61.6,6,15.0,2.3212,2022-09-01,2024-08-31,CT00040,1
CAT00817,RM0121,SUP0236,secondary,38.4,45,15.0,2.5394,2023-04-01,2024-03-31,CT00291,1
CAT00818,RM0121,SUP0236,secondary,38.4,45,15.0,2.6715,2024-04-01,2025-03-31,CT00292,1
CAT00819,RM0121,SUP0039,primary,61.6,6,15.0,2.3421,2024-09-01,2025-08-31,CT00041,1
CAT00820,RM0121,SUP0236,secondary,38.4,45,15.0,2.812,2025-04-01,,CT00293,1
CAT00821,RM0121,SUP0039,primary,61.6,6,15.0,2.3589,2025-09-01,,CT00042,1
CAT00822,RM0122,SUP0095,primary,73.3,24,950.0,2.3157,2022-06-01,2024-05-31,CT00099,1
CAT00823,RM0122,SUP0028,secondary,26.7,45,1500.0,2.7629,2022-07-01,2023-06-30,CT00031,1
CAT00824,RM0122,SUP0028,secondary,26.7,45,1500.0,2.7118,2023-07-01,2025-06-30,CT00032,1
CAT00825,RM0122,SUP0095,primary,73.3,24,950.0,2.2816,2024-06-01,2025-05-31,CT00100,1
CAT00826,RM0122,SUP0095,primary,73.3,24,950.0,2.2232,2025-06-01,,CT00101,1
CAT00827,RM0122,SUP0028,secondary,26.7,45,1500.0,2.6802,2025-07-01,,CT00033,1
CAT00828,RM0123,SUP0138,primary,68.2,56,200.0,3.9434,2022-04-01,2024-03-31,CT00150,1
CAT00829,RM0123,SUP0025,secondary,26.8,23,350.0,4.1693,2022-08-01,2024-07-31,CT00024,1
CAT00830,RM0123,SUP0039,tertiary,5.0,6,500.0,4.1358,2022-09-01,2024-08-31,CT00040,0
CAT00831,RM0123,SUP0138,primary,68.2,56,200.0,3.8922,2024-04-01,2025-03-31,CT00151,1
CAT00832,RM0123,SUP0025,secondary,26.8,23,350.0,4.0604,2024-08-01,,CT00025,1
CAT00833,RM0123,SUP0039,tertiary,5.0,6,500.0,4.0304,2024-09-01,2025-08-31,CT00041,0
CAT00834,RM0123,SUP0138,primary,68.2,56,200.0,3.9285,2025-04-01,,CT00152,1
CAT00835,RM0123,SUP0039,tertiary,5.0,6,500.0,4.0947,2025-09-01,,CT00042,0
CAT00836,RM0124,SUP0017,secondary,27.4,43,450.0,2.3665,2022-03-01,2024-02-29,CT00018,1
CAT00837,RM0124,SUP0151,primary,72.6,26,450.0,2.1405,2022-06-01,2023-05-31,CT00170,1
CAT00838,RM0124,SUP0151,primary,72.6,26,450.0,2.219,2023-06-01,2024-05-31,CT00171,1
CAT00839,RM0124,SUP0017,secondary,27.4,43,450.0,2.4667,2024-03-01,2025-02-28,CT00019,1
CAT00840,RM0124,SUP0151,primary,72.6,26,450.0,2.3145,2024-06-01,,CT00172,1
CAT00841,RM0124,SUP0017,secondary,27.4,43,450.0,2.4656,2025-03-01,,CT00020,1
CAT00842,RM0125,SUP0181,primary,60.7,12,200.0,3.9484,2022-05-01,2023-04-30,CT00208,1
CAT00843,RM0125,SUP0122,secondary,39.3,41,200.0,3.9679,2022-08-01,2024-07-31,CT00120,1
CAT00844,RM0125,SUP0181,primary,60.7,12,200.0,3.8492,2023-05-01,2025-04-30,CT00209,1
CAT00845,RM0125,SUP0122,secondary,39.3,41,200.0,4.183,2024-08-01,2025-07-31,CT00121,1
CAT00846,RM0125,SUP0181,primary,60.7,12,200.0,3.7724,2025-05-01,,CT00210,1
CAT00847,RM0125,SUP0122,secondary,39.3,41,200.0,4.2232,2025-08-01,,CT00122,1
CAT00848,RM0126,SUP0019,primary,61.5,12,95.0,2.815,2022-02-01,2023-01-31,CT00021,1
CAT00849,RM0126,SUP0183,secondary,38.5,14,150.0,3.094,2022-05-01,2024-04-30,CT00214,1
CAT00850,RM0126,SUP0019,primary,61.5,12,95.0,2.917,2023-02-01,2025-01-31,CT00022,1
CAT00851,RM0126,SUP0183,secondary,38.5,14,150.0,3.0243,2024-05-01,2025-04-30,CT00215,1
CAT00852,RM0126,SUP0019,primary,61.5,12,95.0,2.9095,2025-02-01,,CT00023,1
CAT00853,RM0126,SUP0183,secondary,38.5,14,150.0,3.0386,2025-05-01,,CT00216,1
CAT00854,RM0127,SUP0125,secondary,29.0,5,85.0,3.8309,2022-05-01,2024-04-30,CT00129,1
CAT00855,RM0127,SUP0134,primary,71.0,37,200.0,3.5614,2022-08-01,2024-07-31,CT00138,1
CAT00856,RM0127,SUP0125,secondary,29.0,5,85.0,3.8612,2024-05-01,2025-04-30,CT00130,1
CAT00857,RM0127,SUP0134,primary,71.0,37,200.0,3.7318,2024-08-01,2025-07-31,CT00139,1
CAT00858,RM0127,SUP0125,secondary,29.0,5,85.0,3.8717,2025-05-01,,CT00131,1
CAT00859,RM0127,SUP0134,primary,71.0,37,200.0,3.8813,2025-08-01,,CT00140,1
CAT00860,RM0128,SUP0028,primary,68.2,48,75.0,1.9796,2022-07-01,2023-06-30,CT00031,1
CAT00861,RM0128,SUP0175,secondary,31.8,3,150.0,2.2056,2022-08-01,2023-07-31,CT00201,1
CAT00862,RM0128,SUP0028,primary,68.2,48,75.0,1.9685,2023-07-01,2025-06-30,CT00032,1
CAT00863,RM0128,SUP0175,secondary,31.8,3,150.0,2.1609,2023-08-01,2025-07-31,CT00202,1
CAT00864,RM0128,SUP0028,primary,68.2,48,75.0,2.0064,2025-07-01,,CT00033,1
CAT00865,RM0128,SUP0175,secondary,31.8,3,150.0,2.189,2025-08-01,,CT00203,1
CAT00866,RM0129,SUP0079,secondary,37.4,28,90.0,3.1857,2022-08-01,2023-07-31,CT00077,1
CAT00867,RM0129,SUP0217,primary,62.6,35,150.0,2.9495,2022-10-01,2023-09-30,CT00263,1
CAT00868,RM0129,SUP0079,secondary,37.4,28,90.0,3.2007,2023-08-01,2025-07-31,CT00078,1
CAT00869,RM0129,SUP0217,primary,62.6,35,150.0,3.0621,2023-10-01,2024-09-30,CT00264,1
CAT00870,RM0129,SUP0217,primary,62.6,35,150.0,3.1204,2024-10-01,2025-09-30,CT00265,1
CAT00871,RM0129,SUP0079,secondary,37.4,28,90.0,3.3879,2025-08-01,,CT00079,1
CAT00872,RM0129,SUP0217,primary,62.6,35,150.0,3.0677,2025-10-01,,CT00266,1
CAT00873,RM0130,SUP0137,secondary,28.1,15,80.0,3.6674,2022-03-01,2023-02-28,CT00147,1
CAT00874,RM0130,SUP0088,primary,71.9,13,55.0,3.6386,2022-08-01,2024-07-31,CT00088,1
CAT00875,RM0130,SUP0137,secondary,28.1,15,80.0,3.8695,2023-03-01,2024-02-29,CT00148,1
CAT00876,RM0130,SUP0137,secondary,28.1,15,80.0,3.8253,2024-03-01,,CT00149,1
CAT00877,RM0130,SUP0088,primary,71.9,13,55.0,3.676,2024-08-01,2025-07-31,CT00089,1
CAT00878,RM0130,SUP0088,primary,71.9,13,55.0,3.6387,2025-08-01,,CT00090,1
CAT00879,RM0131,SUP0223,secondary,24.3,49,150.0,2.953,2022-04-01,2024-03-31,CT00275,1
CAT00880,RM0131,SUP0122,primary,75.7,37,150.0,2.6659,2022-08-01,2024-07-31,CT00120,1
CAT00881,RM0131,SUP0223,secondary,24.3,49,150.0,2.9249,2024-04-01,,CT00276,1
CAT00882,RM0131,SUP0122,primary,75.7,37,150.0,2.7962,2024-08-01,2025-07-31,CT00121,1
CAT00883,RM0131,SUP0122,primary,75.7,37,150.0,2.9286,2025-08-01,,CT00122,1
CAT00884,RM0132,SUP0170,primary,80.0,26,800.0,5.6243,2022-03-01,2024-02-29,CT00192,1
CAT00885,RM0132,SUP0081,secondary,20.0,25,950.0,5.559,2022-09-01,2023-08-31,CT00080,1
CAT00886,RM0132,SUP0081,secondary,20.0,25,950.0,5.7072,2023-09-01,2025-08-31,CT00081,1
CAT00887,RM0132,SUP0170,primary,80.0,26,800.0,5.8623,2024-03-01,,CT00193,1
CAT00888,RM0132,SUP0081,secondary,20.0,25,950.0,5.7895,2025-09-01,,CT00082,1
CAT00889,RM0133,SUP0011,secondary,22.7,50,400.0,8.7318,2022-05-01,2023-04-30,CT00008,1
CAT00890,RM0133,SUP0179,primary,77.3,28,400.0,8.502,2022-09-01,2024-08-31,CT00206,1
CAT00891,RM0133,SUP0011,secondary,22.7,50,400.0,9.0932,2023-05-01,2024-04-30,CT00009,1
CAT00892,RM0133,SUP0011,secondary,22.7,50,400.0,9.146,2024-05-01,2025-04-30,CT00010,1
CAT00893,RM0133,SUP0179,primary,77.3,28,400.0,9.0001,2024-09-01,,CT00207,1
CAT00894,RM0133,SUP0011,secondary,22.7,50,400.0,9.0829,2025-05-01,,CT00011,1
CAT00895,RM0134,SUP0055,primary,73.7,26,300.0,4.5873,2022-03-01,2023-02-28,CT00061,1
CAT00896,RM0134,SUP0229,secondary,26.3,42,250.0,4.3316,2022-06-01,2023-05-31,CT00281,1
CAT00897,RM0134,SUP0055,primary,73.7,26,300.0,4.8245,2023-03-01,2025-02-28,CT00062,1
CAT00898,RM0134,SUP0229,secondary,26.3,42,250.0,4.445,2023-06-01,2024-05-31,CT00282,1
CAT00899,RM0134,SUP0229,secondary,26.3,42,250.0,4.5956,2024-06-01,2025-05-31,CT00283,1
CAT00900,RM0134,SUP0055,primary,73.7,26,300.0,5.043,2025-03-01,,CT00063,1
CAT00901,RM0134,SUP0229,secondary,26.3,42,250.0,4.4769,2025-06-01,,CT00284,1
